YEAR,MONTH,DATE,FINE_GOLD,STANDARD_GOLD,SILVER
2074,Ashad,1,54700.0,0.0,755.0
2074,Ashad,2,54500.0,0.0,750.0
2074,Ashad,4,54500.0,0.0,750.0
2074,Ashad,5,54400.0,0.0,745.0
2074,Ashad,6,54100.0,0.0,740.0
2074,Ashad,7,54200.0,0.0,740.0
2074,Ashad,8,54400.0,0.0,740.0
2074,Ashad,9,54400.0,0.0,740.0
2074,Ashad,11,54500.0,0.0,745.0
2074,Ashad,12,54500.0,0.0,745.0
2074,Ashad,13,54100.0,0.0,740.0
2074,Ashad,14,54400.0,0.0,750.0
2074,Ashad,15,54300.0,0.0,750.0
2074,Ashad,16,54300.0,0.0,745.0
2074,Ashad,18,54100.0,0.0,745.0
2074,Ashad,19,54000.0,0.0,745.0
2074,Ashad,20,53500.0,0.0,730.0
2074,Ashad,21,53600.0,0.0,730.0
2074,Ashad,22,53600.0,0.0,730.0
2074,Ashad,23,53500.0,0.0,730.0
2074,Ashad,25,53000.0,0.0,710.0
2074,Ashad,26,52800.0,0.0,705.0
2074,Ashad,27,52800.0,0.0,705.0
2074,Ashad,28,53200.0,0.0,715.0
2074,Ashad,29,53300.0,,715.0
2074,Ashad,30,53000.0,,710.0
2074,Ashoj,1,56700.0,56400.0,775.0
2074,Ashoj,2,56500.0,56200.0,775.0
2074,Ashoj,3,56300.0,56000.0,760.0
2074,Ashoj,4,56500.0,56200.0,765.0
2074,Ashoj,5,56200.0,55900.0,760.0
2074,Ashoj,6,56500.0,56200.0,765.0
2074,Ashoj,8,56400.0,56100.0,760.0
2074,Ashoj,9,56300.0,56000.0,760.0
2074,Ashoj,10,57000.0,56700.0,770.0
2074,Ashoj,17,56000.0,55700.0,750.0
2074,Ashoj,18,56000.0,55700.0,755.0
2074,Ashoj,19,56000.0,55700.0,750.0
2074,Ashoj,20,55600.0,55300.0,750.0
2074,Ashoj,22,56000.0,55700.0,760.0
2074,Ashoj,23,56200.0,55900.0,765.0
2074,Ashoj,24,56400.0,56100.0,765.0
2074,Ashoj,25,56400.0,56100.0,765.0
2074,Ashoj,26,56500.0,56200.0,775.0
2074,Ashoj,27,56500.0,56200.0,775.0
2074,Ashoj,29,56700.0,56400.0,775.0
2074,Ashoj,30,56600.0,56300.0,775.0
2074,Ashoj,31,56500.0,56200.0,775.0
2074,Baisakh,3,55700.0,0.0,815.0
2074,Baisakh,4,55700.0,0.0,815.0
2074,Baisakh,5,55600.0,0.0,810.0
2074,Baisakh,6,55700.0,0.0,805.0
2074,Baisakh,7,55600.0,0.0,805.0
2074,Baisakh,8,55500.0,0.0,800.0
2074,Baisakh,10,55500.0,0.0,800.0
2074,Baisakh,11,55300.0,0.0,790.0
2074,Baisakh,12,55100.0,0.0,790.0
2074,Baisakh,13,54700.0,0.0,780.0
2074,Baisakh,14,54600.0,0.0,775.0
2074,Baisakh,15,54700.0,0.0,770.0
2074,Baisakh,17,54900.0,0.0,770.0
2074,Baisakh,18,54700.0,0.0,765.0
2074,Baisakh,19,54400.0,0.0,760.0
2074,Baisakh,20,54300.0,0.0,755.0
2074,Baisakh,21,53800.0,0.0,745.0
2074,Baisakh,22,53500.0,0.0,740.0
2074,Baisakh,24,53500.0,0.0,740.0
2074,Baisakh,25,53500.0,0.0,740.0
2074,Baisakh,26,53500.0,0.0,740.0
2074,Baisakh,28,53300.0,0.0,740.0
2074,Baisakh,29,53300.0,0.0,740.0
2074,Bhadra,1,55500.0,55200.0,760.0
2074,Bhadra,2,55500.0,55200.0,755.0
2074,Bhadra,5,55300.0,55000.0,750.0
2074,Bhadra,6,55500.0,55200.0,755.0
2074,Bhadra,7,55400.0,55100.0,750.0
2074,Bhadra,8,55400.0,55100.0,755.0
2074,Bhadra,9,55400.0,55100.0,750.0
2074,Bhadra,11,55500.0,55200.0,755.0
2074,Bhadra,12,55500.0,55200.0,755.0
2074,Bhadra,13,56500.0,56200.0,770.0
2074,Bhadra,14,56300.0,56000.0,770.0
2074,Bhadra,15,56000.0,55700.0,765.0
2074,Bhadra,16,56500.0,56200.0,770.0
2074,Bhadra,18,56800.0,56500.0,780.0
2074,Bhadra,19,57000.0,56700.0,785.0
2074,Bhadra,20,57300.0,57000.0,790.0
2074,Bhadra,21,57500.0,57200.0,790.0
2074,Bhadra,22,57200.0,56900.0,785.0
2074,Bhadra,23,57800.0,57500.0,795.0
2074,Bhadra,25,57500.0,57200.0,790.0
2074,Bhadra,26,57200.0,56900.0,785.0
2074,Bhadra,27,56900.0,56600.0,780.0
2074,Bhadra,28,57100.0,56800.0,785.0
2074,Bhadra,29,56800.0,56500.0,780.0
2074,Bhadra,30,57100.0,56800.0,785.0
2074,Chaitra,1,57700.0,57400.0,745.0
2074,Chaitra,2,57300.0,57000.0,740.0
2074,Chaitra,4,57300.0,57000.0,740.0
2074,Chaitra,5,57200.0,56900.0,735.0
2074,Chaitra,6,57500.0,57200.0,740.0
2074,Chaitra,7,57400.0,57100.0,735.0
2074,Chaitra,8,57900.0,57600.0,745.0
2074,Chaitra,9,58300.0,58000.0,745.0
2074,Chaitra,11,58500.0,58200.0,745.0
2074,Chaitra,12,58500.0,58200.0,745.0
2074,Chaitra,13,58500.0,58200.0,745.0
2074,Chaitra,14,58300.0,58000.0,745.0
2074,Chaitra,15,58000.0,57700.0,740.0
2074,Chaitra,16,57800.0,57500.0,740.0
2074,Chaitra,18,57800.0,57500.0,740.0
2074,Chaitra,19,57900.0,57600.0,745.0
2074,Chaitra,20,58200.0,57900.0,745.0
2074,Chaitra,21,58000.0,57700.0,740.0
2074,Chaitra,22,57800.0,57500.0,735.0
2074,Chaitra,23,57900.0,57600.0,740.0
2074,Chaitra,26,57900.0,57600.0,740.0
2074,Chaitra,27,57900.0,57600.0,740.0
2074,Chaitra,28,58400.0,58100.0,745.0
2074,Chaitra,29,58900.0,58600.0,750.0
2074,Chaitra,30,58500.0,58200.0,745.0
2074,Falgun,1,57000.0,56700.0,740.0
2074,Falgun,2,57400.0,57100.0,740.0
2074,Falgun,3,57900.0,57600.0,750.0
2074,Falgun,4,58000.0,57700.0,750.0
2074,Falgun,6,57900.0,57600.0,740.0
2074,Falgun,7,58000.0,57700.0,745.0
2074,Falgun,8,57800.0,57500.0,740.0
2074,Falgun,9,57600.0,57300.0,740.0
2074,Falgun,10,57600.0,57300.0,745.0
2074,Falgun,11,57600.0,57300.0,745.0
2074,Falgun,13,57600.0,57300.0,745.0
2074,Falgun,14,57800.0,57500.0,750.0
2074,Falgun,15,57800.0,57500.0,750.0
2074,Falgun,16,57400.0,57100.0,740.0
2074,Falgun,18,57500.0,57200.0,745.0
2074,Falgun,20,57700.0,57400.0,745.0
2074,Falgun,21,57700.0,57400.0,745.0
2074,Falgun,22,57600.0,57300.0,740.0
2074,Falgun,23,58000.0,57700.0,750.0
2074,Falgun,24,57700.0,57400.0,745.0
2074,Falgun,25,57400.0,57100.0,740.0
2074,Falgun,27,57700.0,57400.0,750.0
2074,Falgun,28,57600.0,57300.0,745.0
2074,Falgun,29,57500.0,57200.0,745.0
2074,Falgun,30,57800.0,57500.0,750.0
2074,Jestha,1,53300.0,0.0,740.0
2074,Jestha,2,53500.0,0.0,745.0
2074,Jestha,3,53700.0,0.0,750.0
2074,Jestha,4,54700.0,0.0,755.0
2074,Jestha,5,54500.0,0.0,750.0
2074,Jestha,7,54600.0,0.0,755.0
2074,Jestha,8,54500.0,0.0,755.0
2074,Jestha,9,55000.0,0.0,770.0
2074,Jestha,10,54700.0,0.0,765.0
2074,Jestha,11,54700.0,0.0,770.0
2074,Jestha,12,54700.0,0.0,770.0
2074,Jestha,14,54800.0,0.0,770.0
2074,Jestha,15,54800.0,0.0,770.0
2074,Jestha,16,55000.0,0.0,775.0
2074,Jestha,17,54700.0,0.0,770.0
2074,Jestha,18,54900.0,0.0,770.0
2074,Jestha,19,54600.0,0.0,765.0
2074,Jestha,21,55200.0,0.0,775.0
2074,Jestha,22,55200.0,0.0,775.0
2074,Jestha,23,55300.0,0.0,780.0
2074,Jestha,24,55600.0,0.0,780.0
2074,Jestha,25,55400.0,0.0,775.0
2074,Jestha,26,55000.0,0.0,770.0
2074,Jestha,28,54800.0,0.0,765.0
2074,Jestha,29,54800.0,0.0,760.0
2074,Jestha,30,54800.0,0.0,755.0
2074,Jestha,31,54800.0,0.0,755.0
2074,Kartik,1,56300.0,56000.0,770.0
2074,Kartik,5,56000.0,55700.0,765.0
2074,Kartik,6,55800.0,55500.0,765.0
2074,Kartik,7,55900.0,55600.0,765.0
2074,Kartik,8,55700.0,55400.0,760.0
2074,Kartik,9,55700.0,55400.0,760.0
2074,Kartik,10,55500.0,55200.0,755.0
2074,Kartik,12,55700.0,55400.0,760.0
2074,Kartik,13,55500.0,55200.0,755.0
2074,Kartik,14,55500.0,55200.0,755.0
2074,Kartik,15,55200.0,54900.0,750.0
2074,Kartik,16,55500.0,55200.0,765.0
2074,Kartik,17,55400.0,55100.0,765.0
2074,Kartik,19,55300.0,55000.0,755.0
2074,Kartik,20,55300.0,55000.0,755.0
2074,Kartik,21,55600.0,55300.0,765.0
2074,Kartik,22,55900.0,55600.0,765.0
2074,Kartik,23,56000.0,55700.0,765.0
2074,Kartik,24,56100.0,55800.0,765.0
2074,Kartik,26,55900.0,55600.0,760.0
2074,Kartik,27,56000.0,55700.0,765.0
2074,Kartik,28,56000.0,55700.0,765.0
2074,Kartik,29,56200.0,55900.0,770.0
2074,Kartik,30,56100.0,55800.0,765.0
2074,Magh,1,57000.0,56700.0,760.0
2074,Magh,2,57200.0,56900.0,765.0
2074,Magh,3,57200.0,56900.0,760.0
2074,Magh,4,56800.0,56500.0,755.0
2074,Magh,5,56800.0,56500.0,750.0
2074,Magh,7,56800.0,56500.0,750.0
2074,Magh,8,57000.0,56700.0,750.0
2074,Magh,9,57000.0,56700.0,750.0
2074,Magh,10,57200.0,56900.0,750.0
2074,Magh,11,57800.0,57500.0,765.0
2074,Magh,12,57400.0,57100.0,760.0
2074,Magh,14,57400.0,57100.0,760.0
2074,Magh,15,57400.0,57100.0,760.0
2074,Magh,16,57000.0,56700.0,755.0
2074,Magh,17,57200.0,56900.0,755.0
2074,Magh,18,57300.0,57000.0,760.0
2074,Magh,19,57800.0,57500.0,760.0
2074,Magh,21,57200.0,56900.0,745.0
2074,Magh,22,57200.0,56900.0,745.0
2074,Magh,23,57800.0,57500.0,750.0
2074,Magh,24,57100.0,56800.0,745.0
2074,Magh,25,56600.0,56300.0,735.0
2074,Magh,26,56800.0,56500.0,735.0
2074,Magh,28,56800.0,56500.0,735.0
2074,Magh,29,57000.0,56700.0,735.0
2074,Mansir,1,55900.0,55600.0,765.0
2074,Mansir,3,56400.0,56100.0,775.0
2074,Mansir,4,56400.0,56100.0,770.0
2074,Mansir,5,56000.0,55700.0,760.0
2074,Mansir,6,55800.0,55500.0,760.0
2074,Mansir,7,56200.0,55900.0,765.0
2074,Mansir,8,56100.0,55800.0,765.0
2074,Mansir,10,56000.0,55700.0,760.0
2074,Mansir,11,56100.0,55800.0,765.0
2074,Mansir,12,56100.0,55800.0,760.0
2074,Mansir,13,56000.0,55700.0,755.0
2074,Mansir,14,55700.0,55400.0,745.0
2074,Mansir,15,55400.0,55100.0,740.0
2074,Mansir,17,55500.0,55200.0,740.0
2074,Mansir,18,55300.0,55000.0,735.0
2074,Mansir,19,55200.0,54900.0,730.0
2074,Mansir,20,55000.0,54700.0,725.0
2074,Mansir,21,55000.0,54700.0,725.0
2074,Mansir,22,54500.0,54200.0,710.0
2074,Mansir,24,54500.0,54200.0,715.0
2074,Mansir,25,54300.0,54000.0,715.0
2074,Mansir,26,54100.0,53800.0,715.0
2074,Mansir,27,54100.0,53800.0,715.0
2074,Mansir,28,54500.0,54200.0,720.0
2074,Mansir,29,54300.0,54000.0,715.0
2074,Poush,2,54300.0,54000.0,715.0
2074,Poush,3,54300.0,54000.0,720.0
2074,Poush,4,54600.0,54300.0,720.0
2074,Poush,5,54600.0,54300.0,720.0
2074,Poush,6,54700.0,54400.0,725.0
2074,Poush,7,54600.0,54300.0,720.0
2074,Poush,9,54900.0,54600.0,730.0
2074,Poush,10,54900.0,54600.0,730.0
2074,Poush,11,55000.0,54700.0,730.0
2074,Poush,12,55300.0,55000.0,735.0
2074,Poush,13,55600.0,55300.0,745.0
2074,Poush,14,55700.0,55400.0,745.0
2074,Poush,16,55900.0,55600.0,750.0
2074,Poush,17,55900.0,55600.0,750.0
2074,Poush,18,55900.0,55600.0,750.0
2074,Poush,19,56000.0,55700.0,750.0
2074,Poush,20,55800.0,55500.0,750.0
2074,Poush,21,56200.0,55900.0,750.0
2074,Poush,23,56200.0,55900.0,750.0
2074,Poush,24,56100.0,55800.0,750.0
2074,Poush,25,56200.0,55900.0,750.0
2074,Poush,26,56000.0,55700.0,745.0
2074,Poush,27,56400.0,56100.0,750.0
2074,Poush,28,56600.0,56300.0,750.0
2074,Poush,30,57000.0,56700.0,760.0
2074,Shrawan,1,53500.0,0.0,715.0
2074,Shrawan,2,53500.0,0.0,720.0
2074,Shrawan,3,53700.0,0.0,725.0
2074,Shrawan,4,53800.0,0.0,725.0
2074,Shrawan,5,53700.0,0.0,725.0
2074,Shrawan,6,54000.0,0.0,730.0
2074,Shrawan,8,54400.0,0.0,740.0
2074,Shrawan,9,54400.0,0.0,740.0
2074,Shrawan,10,54400.0,0.0,735.0
2074,Shrawan,11,54100.0,0.0,735.0
2074,Shrawan,12,54500.0,0.0,745.0
2074,Shrawan,13,54400.0,0.0,735.0
2074,Shrawan,15,54800.0,0.0,745.0
2074,Shrawan,16,54700.0,0.0,740.0
2074,Shrawan,17,54800.0,0.0,745.0
2074,Shrawan,18,54600.0,0.0,740.0
2074,Shrawan,19,54200.0,0.0,730.0
2074,Shrawan,20,54400.0,0.0,735.0
2074,Shrawan,22,54000.0,53700.0,725.0
2074,Shrawan,23,54000.0,53700.0,725.0
2074,Shrawan,24,54100.0,53800.0,725.0
2074,Shrawan,25,54400.0,54100.0,735.0
2074,Shrawan,26,54900.0,54600.0,750.0
2074,Shrawan,27,55400.0,55100.0,755.0
2074,Shrawan,28,55400.0,55100.0,755.0
2074,Shrawan,29,55500.0,55200.0,760.0
2074,Shrawan,30,55400.0,55100.0,755.0
2074,Shrawan,31,55000.0,54700.0,750.0
2074,Shrawan,32,55000.0,54700.0,745.0
2075,Ashad,1,59000.0,58700.0,800.0
2075,Ashad,3,58500.0,58200.0,780.0
2075,Ashad,4,58300.0,58000.0,775.0
2075,Ashad,5,58400.0,58100.0,775.0
2075,Ashad,6,58000.0,57700.0,765.0
2075,Ashad,7,57700.0,57400.0,765.0
2075,Ashad,8,57700.0,57400.0,765.0
2075,Ashad,10,57700.0,57400.0,770.0
2075,Ashad,11,57700.0,57400.0,770.0
2075,Ashad,12,57700.0,57400.0,770.0
2075,Ashad,13,57600.0,57300.0,765.0
2075,Ashad,14,57800.0,57500.0,765.0
2075,Ashad,15,57500.0,57200.0,765.0
2075,Ashad,17,57500.0,57200.0,765.0
2075,Ashad,18,57300.0,57000.0,760.0
2075,Ashad,19,57200.0,56900.0,755.0
2075,Ashad,20,57600.0,57300.0,760.0
2075,Ashad,21,57800.0,57500.0,765.0
2075,Ashad,22,57800.0,57500.0,760.0
2075,Ashad,24,57800.0,57500.0,760.0
2075,Ashad,25,57800.0,57500.0,760.0
2075,Ashad,26,57900.0,57600.0,765.0
2075,Ashad,27,57600.0,57300.0,760.0
2075,Ashad,28,57200.0,56900.0,755.0
2075,Ashad,29,57200.0,56900.0,755.0
2075,Ashad,31,57000.0,56700.0,750.0
2075,Ashad,32,57100.0,56800.0,750.0
2075,Ashoj,1,58000.0,57700.0,715.0
2075,Ashoj,2,58000.0,57700.0,715.0
2075,Ashoj,3,58400.0,58100.0,720.0
2075,Ashoj,4,58400.0,58100.0,725.0
2075,Ashoj,5,58100.0,57800.0,720.0
2075,Ashoj,7,58100.0,57800.0,720.0
2075,Ashoj,8,58100.0,57800.0,720.0
2075,Ashoj,9,58400.0,58100.0,725.0
2075,Ashoj,10,58400.0,58100.0,730.0
2075,Ashoj,11,58100.0,57800.0,730.0
2075,Ashoj,12,57700.0,57400.0,725.0
2075,Ashoj,14,57800.0,57500.0,735.0
2075,Ashoj,15,57800.0,57500.0,735.0
2075,Ashoj,16,58100.0,57800.0,735.0
2075,Ashoj,17,59000.0,58700.0,750.0
2075,Ashoj,18,58900.0,58600.0,745.0
2075,Ashoj,19,58900.0,58600.0,745.0
2075,Ashoj,21,59200.0,58900.0,750.0
2075,Ashoj,22,59000.0,58700.0,740.0
2075,Ashoj,23,58900.0,58600.0,740.0
2075,Ashoj,24,59000.0,58700.0,740.0
2075,Ashoj,25,59300.0,59000.0,740.0
2075,Ashoj,26,60000.0,59700.0,745.0
2075,Ashoj,28,59800.0,59500.0,745.0
2075,Ashoj,29,60000.0,59700.0,750.0
2075,Baisakh,2,58600.0,58300.0,750.0
2075,Baisakh,3,58800.0,58500.0,755.0
2075,Baisakh,4,58800.0,58500.0,755.0
2075,Baisakh,5,59000.0,58700.0,760.0
2075,Baisakh,6,59300.0,59000.0,780.0
2075,Baisakh,7,59200.0,58900.0,780.0
2075,Baisakh,9,59000.0,58700.0,780.0
2075,Baisakh,10,59000.0,58700.0,780.0
2075,Baisakh,11,58800.0,58500.0,765.0
2075,Baisakh,12,59000.0,58700.0,765.0
2075,Baisakh,13,59000.0,58700.0,765.0
2075,Baisakh,14,58700.0,58400.0,760.0
2075,Baisakh,16,58900.0,58600.0,760.0
2075,Baisakh,18,58500.0,58200.0,750.0
2075,Baisakh,19,58500.0,58200.0,755.0
2075,Baisakh,20,58300.0,58000.0,755.0
2075,Baisakh,21,58500.0,58200.0,755.0
2075,Baisakh,23,58700.0,58400.0,760.0
2075,Baisakh,24,59000.0,58700.0,765.0
2075,Baisakh,25,59000.0,58700.0,765.0
2075,Baisakh,26,59000.0,58700.0,765.0
2075,Baisakh,27,59100.0,58800.0,770.0
2075,Baisakh,28,59200.0,58900.0,775.0
2075,Baisakh,30,59300.0,59000.0,775.0
2075,Baisakh,31,59200.0,58900.0,775.0
2075,Bhadra,1,55600.0,55300.0,720.0
2075,Bhadra,3,55800.0,55500.0,725.0
2075,Bhadra,4,55800.0,55500.0,725.0
2075,Bhadra,5,55800.0,55500.0,720.0
2075,Bhadra,6,56100.0,55800.0,720.0
2075,Bhadra,7,56000.0,55700.0,715.0
2075,Bhadra,8,56000.0,55700.0,715.0
2075,Bhadra,10,56600.0,56300.0,720.0
2075,Bhadra,11,56600.0,56300.0,720.0
2075,Bhadra,12,56800.0,56500.0,725.0
2075,Bhadra,13,56800.0,56500.0,725.0
2075,Bhadra,14,57000.0,56700.0,725.0
2075,Bhadra,15,57300.0,57000.0,725.0
2075,Bhadra,17,57300.0,57000.0,725.0
2075,Bhadra,18,57000.0,56700.0,720.0
2075,Bhadra,19,57200.0,56900.0,720.0
2075,Bhadra,20,57200.0,56900.0,710.0
2075,Bhadra,21,57600.0,57300.0,715.0
2075,Bhadra,22,57800.0,57500.0,710.0
2075,Bhadra,24,57800.0,57500.0,710.0
2075,Bhadra,25,57800.0,57500.0,710.0
2075,Bhadra,26,57900.0,57600.0,715.0
2075,Bhadra,27,58200.0,57900.0,715.0
2075,Bhadra,28,58200.0,57900.0,720.0
2075,Bhadra,29,58000.0,57700.0,715.0
2075,Bhadra,31,57600.0,57300.0,710.0
2075,Chaitra,1,60000.0,59700.0,735.0
2075,Chaitra,3,60000.0,59700.0,735.0
2075,Chaitra,4,59800.0,59500.0,730.0
2075,Chaitra,5,59700.0,59400.0,730.0
2075,Chaitra,7,60200.0,59900.0,740.0
2075,Chaitra,8,60000.0,59700.0,740.0
2075,Chaitra,10,60400.0,60100.0,740.0
2075,Chaitra,11,60600.0,60300.0,740.0
2075,Chaitra,12,60500.0,60200.0,740.0
2075,Chaitra,13,60400.0,60100.0,740.0
2075,Chaitra,14,60300.0,60000.0,735.0
2075,Chaitra,15,59700.0,59400.0,730.0
2075,Chaitra,17,59700.0,59400.0,730.0
2075,Chaitra,18,59700.0,59400.0,730.0
2075,Chaitra,19,59500.0,59200.0,725.0
2075,Chaitra,20,59500.0,59200.0,725.0
2075,Chaitra,21,59400.0,59100.0,725.0
2075,Chaitra,22,59500.0,59200.0,725.0
2075,Chaitra,24,59800.0,59500.0,725.0
2075,Chaitra,25,57900.0,57600.0,740.0
2075,Chaitra,25,60000.0,59700.0,730.0
2075,Chaitra,26,60300.0,60000.0,740.0
2075,Chaitra,27,60100.0,59800.0,730.0
2075,Chaitra,28,60200.0,59900.0,730.0
2075,Chaitra,29,59600.0,59300.0,720.0
2075,Falgun,1,61600.0,61300.0,765.0
2075,Falgun,2,61700.0,61400.0,765.0
2075,Falgun,3,62100.0,61800.0,765.0
2075,Falgun,5,62500.0,62200.0,775.0
2075,Falgun,6,62700.0,62400.0,780.0
2075,Falgun,7,62700.0,62400.0,780.0
2075,Falgun,8,63300.0,63000.0,785.0
2075,Falgun,9,63100.0,62800.0,785.0
2075,Falgun,10,62600.0,62300.0,775.0
2075,Falgun,12,62600.0,62300.0,775.0
2075,Falgun,13,62700.0,62400.0,780.0
2075,Falgun,14,62800.0,62500.0,780.0
2075,Falgun,15,62600.0,62300.0,775.0
2075,Falgun,16,62400.0,62100.0,775.0
2075,Falgun,17,62000.0,61700.0,770.0
2075,Falgun,19,61500.0,61200.0,760.0
2075,Falgun,20,61500.0,61200.0,760.0
2075,Falgun,21,61000.0,60700.0,750.0
2075,Falgun,22,60700.0,60400.0,740.0
2075,Falgun,23,60200.0,59900.0,735.0
2075,Falgun,24,60200.0,59900.0,735.0
2075,Falgun,26,60500.0,60200.0,745.0
2075,Falgun,27,60500.0,60200.0,745.0
2075,Falgun,28,60300.0,60000.0,745.0
2075,Falgun,29,60600.0,60300.0,745.0
2075,Falgun,30,60500.0,60200.0,745.0
2075,Jestha,1,59200.0,58900.0,770.0
2075,Jestha,2,58700.0,58400.0,765.0
2075,Jestha,3,58400.0,58100.0,765.0
2075,Jestha,4,58400.0,58100.0,765.0
2075,Jestha,6,58700.0,58400.0,770.0
2075,Jestha,7,58600.0,58300.0,770.0
2075,Jestha,8,58600.0,58300.0,770.0
2075,Jestha,9,58900.0,58600.0,775.0
2075,Jestha,10,59000.0,58700.0,775.0
2075,Jestha,11,59200.0,58900.0,780.0
2075,Jestha,13,58900.0,58600.0,770.0
2075,Jestha,14,58700.0,58400.0,770.0
2075,Jestha,15,58700.0,58400.0,770.0
2075,Jestha,16,58800.0,58500.0,765.0
2075,Jestha,17,58600.0,58300.0,765.0
2075,Jestha,18,58400.0,58100.0,765.0
2075,Jestha,20,58000.0,57700.0,760.0
2075,Jestha,21,58000.0,57700.0,760.0
2075,Jestha,22,58000.0,57700.0,760.0
2075,Jestha,23,58100.0,57800.0,765.0
2075,Jestha,24,58200.0,57900.0,770.0
2075,Jestha,25,58400.0,58100.0,775.0
2075,Jestha,27,58600.0,58300.0,780.0
2075,Jestha,28,58500.0,58200.0,785.0
2075,Jestha,29,58500.0,58200.0,785.0
2075,Jestha,30,58500.0,58200.0,785.0
2075,Jestha,31,58600.0,58300.0,790.0
2075,Kartik,5,60000.0,59700.0,745.0
2075,Kartik,6,60000.0,59700.0,745.0
2075,Kartik,7,60100.0,59800.0,750.0
2075,Kartik,8,60400.0,60100.0,750.0
2075,Kartik,9,60200.0,59900.0,745.0
2075,Kartik,11,60200.0,59900.0,745.0
2075,Kartik,12,60300.0,60000.0,745.0
2075,Kartik,13,60200.0,59900.0,740.0
2075,Kartik,14,60000.0,59700.0,740.0
2075,Kartik,15,59900.0,59600.0,735.0
2075,Kartik,16,60000.0,59700.0,745.0
2075,Kartik,18,60000.0,59700.0,745.0
2075,Kartik,19,60000.0,59700.0,745.0
2075,Kartik,20,60000.0,59700.0,745.0
2075,Kartik,25,59000.0,58700.0,730.0
2075,Kartik,26,58900.0,58600.0,725.0
2075,Kartik,27,58500.0,58200.0,720.0
2075,Kartik,28,58200.0,57900.0,715.0
2075,Kartik,29,58400.0,58100.0,715.0
2075,Kartik,30,58400.0,58100.0,715.0
2075,Magh,1,61000.0,60700.0,765.0
2075,Magh,2,61000.0,60700.0,765.0
2075,Magh,3,61000.0,60700.0,765.0
2075,Magh,4,61000.0,60700.0,765.0
2075,Magh,6,60800.0,60500.0,755.0
2075,Magh,7,60900.0,60600.0,755.0
2075,Magh,8,60700.0,60400.0,750.0
2075,Magh,9,60900.0,60600.0,755.0
2075,Magh,10,60900.0,60600.0,755.0
2075,Magh,11,60600.0,60300.0,755.0
2075,Magh,13,61200.0,60900.0,765.0
2075,Magh,14,61400.0,61100.0,770.0
2075,Magh,15,61500.0,61200.0,770.0
2075,Magh,16,62200.0,61900.0,780.0
2075,Magh,17,62200.0,61900.0,780.0
2075,Magh,18,62300.0,62000.0,780.0
2075,Magh,20,62300.0,62000.0,780.0
2075,Magh,21,62500.0,62200.0,780.0
2075,Magh,22,62600.0,62300.0,785.0
2075,Magh,23,62400.0,62100.0,780.0
2075,Magh,24,62000.0,61700.0,775.0
2075,Magh,25,62100.0,61800.0,775.0
2075,Magh,27,62100.0,61800.0,775.0
2075,Magh,28,62000.0,61700.0,775.0
2075,Magh,29,61800.0,61500.0,770.0
2075,Mansir,2,58700.0,58400.0,725.0
2075,Mansir,3,58700.0,58400.0,725.0
2075,Mansir,4,58300.0,58000.0,715.0
2075,Mansir,5,58300.0,58000.0,715.0
2075,Mansir,6,58400.0,58100.0,720.0
2075,Mansir,7,58100.0,57800.0,715.0
2075,Mansir,9,58000.0,57700.0,710.0
2075,Mansir,10,57700.0,57400.0,705.0
2075,Mansir,11,58000.0,57700.0,705.0
2075,Mansir,12,57600.0,57300.0,700.0
2075,Mansir,13,57500.0,57200.0,705.0
2075,Mansir,14,57200.0,56900.0,700.0
2075,Mansir,16,57200.0,56900.0,700.0
2075,Mansir,17,57400.0,57100.0,700.0
2075,Mansir,18,58300.0,58000.0,710.0
2075,Mansir,19,58400.0,58100.0,715.0
2075,Mansir,20,58700.0,58400.0,715.0
2075,Mansir,21,58500.0,58200.0,715.0
2075,Mansir,23,59000.0,58700.0,720.0
2075,Mansir,24,59400.0,59100.0,725.0
2075,Mansir,25,60000.0,59700.0,730.0
2075,Mansir,26,59800.0,59500.0,730.0
2075,Mansir,27,59500.0,59200.0,735.0
2075,Mansir,28,59500.0,59200.0,735.0
2075,Poush,1,59500.0,59200.0,730.0
2075,Poush,2,59300.0,59000.0,725.0
2075,Poush,3,59400.0,59100.0,
2075,Poush,4,58800.0,58500.0,725.0
2075,Poush,5,58800.0,58500.0,720.0
2075,Poush,6,58800.0,58500.0,720.0
2075,Poush,8,58800.0,58500.0,720.0
2075,Poush,9,59200.0,58900.0,720.0
2075,Poush,10,59400.0,59100.0,720.0
2075,Poush,11,59400.0,59100.0,725.0
2075,Poush,12,59500.0,59200.0,735.0
2075,Poush,13,59700.0,59400.0,745.0
2075,Poush,15,59700.0,59400.0,745.0
2075,Poush,16,59700.0,59400.0,745.0
2075,Poush,17,59700.0,59400.0,745.0
2075,Poush,18,59600.0,59300.0,745.0
2075,Poush,19,60400.0,60100.0,760.0
2075,Poush,20,60300.0,60000.0,765.0
2075,Poush,22,59800.0,59500.0,755.0
2075,Poush,23,59800.0,59500.0,760.0
2075,Poush,24,59900.0,59600.0,755.0
2075,Poush,25,60100.0,59800.0,760.0
2075,Poush,26,60700.0,60400.0,765.0
2075,Poush,27,60700.0,60400.0,765.0
2075,Poush,29,60500.0,60200.0,760.0
2075,Poush,30,60600.0,60300.0,760.0
2075,Shrawan,1,57000.0,56700.0,750.0
2075,Shrawan,2,56500.0,56200.0,745.0
2075,Shrawan,3,56500.0,56200.0,745.0
2075,Shrawan,4,56500.0,56200.0,740.0
2075,Shrawan,6,56800.0,56500.0,740.0
2075,Shrawan,7,56800.0,56500.0,740.0
2075,Shrawan,8,56600.0,56300.0,735.0
2075,Shrawan,9,56600.0,56300.0,735.0
2075,Shrawan,10,56700.0,56400.0,740.0
2075,Shrawan,11,56500.0,56200.0,740.0
2075,Shrawan,13,56500.0,56200.0,740.0
2075,Shrawan,14,56400.0,56100.0,740.0
2075,Shrawan,15,56300.0,56000.0,735.0
2075,Shrawan,16,56300.0,56000.0,735.0
2075,Shrawan,17,56000.0,55700.0,735.0
2075,Shrawan,18,56000.0,55700.0,735.0
2075,Shrawan,20,56000.0,55700.0,735.0
2075,Shrawan,21,56100.0,55800.0,735.0
2075,Shrawan,22,56100.0,55800.0,735.0
2075,Shrawan,23,56100.0,55800.0,735.0
2075,Shrawan,24,56100.0,55800.0,735.0
2075,Shrawan,25,56200.0,55900.0,735.0
2075,Shrawan,27,56200.0,55900.0,735.0
2075,Shrawan,28,56400.0,56100.0,740.0
2075,Shrawan,29,56100.0,55800.0,735.0
2075,Shrawan,30,56000.0,55700.0,730.0
2075,Shrawan,31,55600.0,55300.0,715.0
2076,Ashad,1,63000.0,62700.0,720.0
2076,Ashad,2,63100.0,62800.0,720.0
2076,Ashad,3,63000.0,62700.0,720.0
2076,Ashad,4,63000.0,62700.0,720.0
2076,Ashad,5,64000.0,63700.0,730.0
2076,Ashad,6,65000.0,64700.0,740.0
2076,Ashad,8,65000.0,64700.0,740.0
2076,Ashad,9,65000.0,64700.0,740.0
2076,Ashad,10,65500.0,65200.0,740.0
2076,Ashad,11,65000.0,64700.0,735.0
2076,Ashad,12,65000.0,64700.0,735.0
2076,Ashad,13,65000.0,64700.0,730.0
2076,Ashad,15,65000.0,64700.0,730.0
2076,Ashad,16,64500.0,64200.0,730.0
2076,Ashad,17,64500.0,64200.0,730.0
2076,Ashad,18,65000.0,64700.0,735.0
2076,Ashad,19,65000.0,64700.0,730.0
2076,Ashad,20,65000.0,64700.0,730.0
2076,Ashad,22,64500.0,64200.0,720.0
2076,Ashad,23,64500.0,64200.0,720.0
2076,Ashad,24,64500.0,64200.0,720.0
2076,Ashad,25,64300.0,64000.0,720.0
2076,Ashad,26,64700.0,64400.0,725.0
2076,Ashad,27,64500.0,64200.0,725.0
2076,Ashad,29,64500.0,64200.0,725.0
2076,Ashad,30,64500.0,64200.0,725.0
2076,Ashad,31,64500.0,64200.0,725.0
2076,Ashoj,1,71300.0,71000.0,870.0
2076,Ashoj,2,70700.0,70400.0,855.0
2076,Ashoj,3,71000.0,70700.0,860.0
2076,Ashoj,5,71300.0,71000.0,865.0
2076,Ashoj,6,71300.0,71000.0,875.0
2076,Ashoj,7,71400.0,71100.0,885.0
2076,Ashoj,8,72000.0,71700.0,890.0
2076,Ashoj,9,71000.0,70700.0,865.0
2076,Ashoj,10,70800.0,70500.0,860.0
2076,Ashoj,12,70200.0,69900.0,845.0
2076,Ashoj,13,70000.0,69700.0,840.0
2076,Ashoj,14,69200.0,68900.0,825.0
2076,Ashoj,15,69800.0,69500.0,835.0
2076,Ashoj,16,70900.0,70600.0,850.0
2076,Ashoj,17,70900.0,70600.0,850.0
2076,Ashoj,24,70400.0,70100.0,845.0
2076,Ashoj,26,70100.0,69800.0,845.0
2076,Ashoj,27,70000.0,69700.0,845.0
2076,Ashoj,28,70700.0,70400.0,860.0
2076,Ashoj,29,70600.0,70300.0,850.0
2076,Ashoj,30,70600.0,70300.0,845.0
2076,Baisakh,2,59600.0,59300.0,720.0
2076,Baisakh,3,59600.0,59300.0,720.0
2076,Baisakh,4,59300.0,59000.0,725.0
2076,Baisakh,5,59100.0,58800.0,725.0
2076,Baisakh,6,59100.0,58800.0,725.0
2076,Baisakh,8,59100.0,58800.0,725.0
2076,Baisakh,9,59600.0,59300.0,730.0
2076,Baisakh,10,59300.0,59000.0,730.0
2076,Baisakh,11,59200.0,58900.0,720.0
2076,Baisakh,12,59600.0,59300.0,725.0
2076,Baisakh,13,59800.0,59500.0,730.0
2076,Baisakh,15,59800.0,59500.0,730.0
2076,Baisakh,16,59900.0,59600.0,730.0
2076,Baisakh,17,59700.0,59400.0,725.0
2076,Baisakh,18,59600.0,59300.0,725.0
2076,Baisakh,19,59300.0,59000.0,715.0
2076,Baisakh,20,59000.0,58700.0,710.0
2076,Baisakh,22,59100.0,58800.0,720.0
2076,Baisakh,23,59500.0,59200.0,720.0
2076,Baisakh,24,59500.0,59200.0,720.0
2076,Baisakh,25,59700.0,59400.0,725.0
2076,Baisakh,26,59700.0,59400.0,720.0
2076,Baisakh,27,60000.0,59700.0,720.0
2076,Baisakh,29,60000.0,59700.0,720.0
2076,Baisakh,30,60000.0,59700.0,720.0
2076,Baisakh,31,61000.0,60700.0,725.0
2076,Bhadra,1,71000.0,70700.0,830.0
2076,Bhadra,2,71000.0,70700.0,830.0
2076,Bhadra,3,71000.0,70700.0,825.0
2076,Bhadra,4,71300.0,71000.0,830.0
2076,Bhadra,5,71300.0,71000.0,830.0
2076,Bhadra,6,71300.0,71000.0,830.0
2076,Bhadra,8,72500.0,72200.0,850.0
2076,Bhadra,9,73500.0,73200.0,860.0
2076,Bhadra,10,72600.0,72300.0,860.0
2076,Bhadra,11,72600.0,72300.0,880.0
2076,Bhadra,12,73400.0,73100.0,895.0
2076,Bhadra,13,72400.0,72100.0,885.0
2076,Bhadra,15,72000.0,71700.0,885.0
2076,Bhadra,16,72000.0,71700.0,885.0
2076,Bhadra,17,72500.0,72200.0,895.0
2076,Bhadra,18,73500.0,73200.0,940.0
2076,Bhadra,19,73400.0,73100.0,940.0
2076,Bhadra,20,72000.0,71700.0,900.0
2076,Bhadra,22,71500.0,71200.0,885.0
2076,Bhadra,23,71700.0,71400.0,880.0
2076,Bhadra,24,71000.0,70700.0,870.0
2076,Bhadra,25,71000.0,70700.0,880.0
2076,Bhadra,26,70800.0,70500.0,875.0
2076,Bhadra,27,70600.0,70300.0,870.0
2076,Bhadra,29,70200.0,69900.0,840.0
2076,Bhadra,30,71300.0,71000.0,865.0
2076,Bhadra,31,71300.0,71000.0,865.0
2076,Chaitra,2,77000.0,76700.0,790.0
2076,Chaitra,3,77500.0,77200.0,790.0
2076,Chaitra,4,75500.0,75200.0,710.0
2076,Chaitra,5,76500.0,76200.0,710.0
2076,Chaitra,6,75000.0,74700.0,680.0
2076,Chaitra,7,75500.0,75200.0,700.0
2076,Chaitra,9,76500.0,76200.0,720.0
2076,Chaitra,10,77000.0,76700.0,720.0
2076,Falgun,1,76000.0,75700.0,880.0
2076,Falgun,2,76000.0,75700.0,880.0
2076,Falgun,4,76500.0,76200.0,885.0
2076,Falgun,5,76500.0,76200.0,890.0
2076,Falgun,6,76700.0,76400.0,890.0
2076,Falgun,7,77100.0,76800.0,905.0
2076,Falgun,8,77600.0,77300.0,915.0
2076,Falgun,9,78100.0,77800.0,915.0
2076,Falgun,11,78800.0,78500.0,920.0
2076,Falgun,12,80300.0,80000.0,925.0
2076,Falgun,13,80000.0,79700.0,925.0
2076,Falgun,14,79500.0,79200.0,905.0
2076,Falgun,15,79700.0,79400.0,900.0
2076,Falgun,16,79200.0,78900.0,880.0
2076,Falgun,18,78000.0,77700.0,860.0
2076,Falgun,19,78000.0,77700.0,860.0
2076,Falgun,20,78300.0,78000.0,860.0
2076,Falgun,21,80500.0,80200.0,880.0
2076,Falgun,22,80700.0,80400.0,880.0
2076,Falgun,23,82500.0,82200.0,890.0
2076,Falgun,25,82500.0,82200.0,890.0
2076,Falgun,27,82700.0,82400.0,880.0
2076,Falgun,28,82300.0,82000.0,880.0
2076,Falgun,29,81500.0,81200.0,860.0
2076,Falgun,30,78500.0,78200.0,820.0
2076,Jestha,1,60600.0,60300.0,725.0
2076,Jestha,2,60700.0,60400.0,725.0
2076,Jestha,3,60200.0,59900.0,715.0
2076,Jestha,5,60000.0,59700.0,710.0
2076,Jestha,6,59500.0,59200.0,705.0
2076,Jestha,7,59500.0,59200.0,705.0
2076,Jestha,8,59400.0,59100.0,705.0
2076,Jestha,9,59200.0,58900.0,700.0
2076,Jestha,10,59700.0,59400.0,710.0
2076,Jestha,12,59700.0,59400.0,710.0
2076,Jestha,13,59600.0,59300.0,710.0
2076,Jestha,14,59600.0,59300.0,710.0
2076,Jestha,15,59500.0,59200.0,700.0
2076,Jestha,16,59500.0,59200.0,700.0
2076,Jestha,17,61000.0,60700.0,705.0
2076,Jestha,19,61500.0,61200.0,710.0
2076,Jestha,20,61500.0,61200.0,710.0
2076,Jestha,21,61700.0,61400.0,710.0
2076,Jestha,22,62000.0,61700.0,715.0
2076,Jestha,23,62300.0,62000.0,715.0
2076,Jestha,24,62300.0,62000.0,715.0
2076,Jestha,26,62600.0,62300.0,725.0
2076,Jestha,27,62300.0,62000.0,715.0
2076,Jestha,28,62300.0,62000.0,715.0
2076,Jestha,29,62300.0,62000.0,715.0
2076,Jestha,30,62400.0,62100.0,715.0
2076,Jestha,31,63000.0,62700.0,720.0
2076,Kartik,1,70600.0,70300.0,850.0
2076,Kartik,3,70400.0,70100.0,850.0
2076,Kartik,4,70400.0,70100.0,850.0
2076,Kartik,5,70200.0,69900.0,850.0
2076,Kartik,6,70400.0,70100.0,850.0
2076,Kartik,7,70400.0,70100.0,850.0
2076,Kartik,8,71000.0,70700.0,860.0
2076,Kartik,14,70500.0,70200.0,860.0
2076,Kartik,15,71200.0,70900.0,870.0
2076,Kartik,17,71200.0,70900.0,870.0
2076,Kartik,18,71000.0,70700.0,870.0
2076,Kartik,19,70800.0,70500.0,865.0
2076,Kartik,20,70200.0,69900.0,845.0
2076,Kartik,21,70600.0,70300.0,850.0
2076,Kartik,22,69900.0,69600.0,835.0
2076,Kartik,24,71000.0,70700.0,840.0
2076,Kartik,25,71200.0,70900.0,845.0
2076,Kartik,26,71200.0,70900.0,845.0
2076,Kartik,27,71400.0,71100.0,850.0
2076,Kartik,28,72000.0,71700.0,860.0
2076,Kartik,29,71800.0,71500.0,855.0
2076,Magh,1,74700.0,74400.0,885.0
2076,Magh,2,74700.0,74400.0,885.0
2076,Magh,3,74800.0,74500.0,890.0
2076,Magh,5,75000.0,74700.0,890.0
2076,Magh,6,75000.0,74700.0,890.0
2076,Magh,7,75300.0,75000.0,895.0
2076,Magh,8,74800.0,74500.0,880.0
2076,Magh,9,75000.0,74700.0,885.0
2076,Magh,10,75200.0,74900.0,885.0
2076,Magh,12,75500.0,75200.0,895.0
2076,Magh,13,76000.0,75700.0,900.0
2076,Magh,14,76000.0,75700.0,895.0
2076,Magh,15,75600.0,75300.0,870.0
2076,Magh,16,76300.0,76000.0,880.0
2076,Magh,17,76000.0,75700.0,890.0
2076,Magh,19,76500.0,76200.0,895.0
2076,Magh,20,76500.0,76200.0,890.0
2076,Magh,21,76000.0,75700.0,880.0
2076,Magh,22,75200.0,74900.0,875.0
2076,Magh,23,75200.0,74900.0,875.0
2076,Magh,24,75600.0,75300.0,885.0
2076,Magh,26,76000.0,75700.0,880.0
2076,Magh,27,76000.0,75700.0,880.0
2076,Magh,28,75900.0,75600.0,880.0
2076,Magh,29,75700.0,75400.0,875.0
2076,Mansir,1,71800.0,71500.0,855.0
2076,Mansir,2,71600.0,71300.0,850.0
2076,Mansir,3,72000.0,71700.0,860.0
2076,Mansir,4,72100.0,71800.0,865.0
2076,Mansir,5,72000.0,71700.0,860.0
2076,Mansir,6,71700.0,71400.0,860.0
2076,Mansir,8,71600.0,71300.0,855.0
2076,Mansir,9,71600.0,71300.0,855.0
2076,Mansir,10,71200.0,70900.0,850.0
2076,Mansir,11,71200.0,70900.0,855.0
2076,Mansir,12,71000.0,70700.0,850.0
2076,Mansir,13,71300.0,71000.0,855.0
2076,Mansir,15,71600.0,71300.0,855.0
2076,Mansir,16,71400.0,71100.0,850.0
2076,Mansir,17,71400.0,71100.0,850.0
2076,Mansir,18,72200.0,71900.0,865.0
2076,Mansir,19,72000.0,71700.0,850.0
2076,Mansir,20,71700.0,71400.0,850.0
2076,Mansir,22,71200.0,70900.0,840.0
2076,Mansir,23,71000.0,70700.0,835.0
2076,Mansir,24,70800.0,70500.0,830.0
2076,Mansir,25,70800.0,70500.0,830.0
2076,Mansir,26,71200.0,70900.0,840.0
2076,Mansir,27,70800.0,70500.0,840.0
2076,Mansir,29,71300.0,71000.0,845.0
2076,Mansir,30,71300.0,71000.0,845.0
2076,Poush,1,71500.0,71200.0,850.0
2076,Poush,2,71600.0,71300.0,850.0
2076,Poush,3,71600.0,71300.0,850.0
2076,Poush,4,71600.0,71300.0,850.0
2076,Poush,6,71600.0,71300.0,855.0
2076,Poush,7,71900.0,71600.0,860.0
2076,Poush,8,72200.0,71900.0,875.0
2076,Poush,9,72800.0,72500.0,885.0
2076,Poush,10,72800.0,72500.0,890.0
2076,Poush,11,73300.0,73000.0,890.0
2076,Poush,13,73300.0,73000.0,885.0
2076,Poush,14,73300.0,73000.0,890.0
2076,Poush,15,73500.0,73200.0,900.0
2076,Poush,16,73500.0,73200.0,890.0
2076,Poush,17,73500.0,73200.0,890.0
2076,Poush,18,74500.0,74200.0,900.0
2076,Poush,20,75500.0,75200.0,900.0
2076,Poush,21,76000.0,75700.0,920.0
2076,Poush,22,75500.0,75200.0,900.0
2076,Poush,23,76500.0,76200.0,920.0
2076,Poush,24,75500.0,75200.0,900.0
2076,Poush,25,74600.0,74300.0,885.0
2076,Poush,27,75000.0,74700.0,890.0
2076,Poush,28,74800.0,74500.0,890.0
2076,Poush,29,74000.0,73700.0,880.0
2076,Shrawan,1,64500.0,64200.0,745.0
2076,Shrawan,2,65000.0,64700.0,765.0
2076,Shrawan,3,65500.0,65200.0,770.0
2076,Shrawan,5,65000.0,64700.0,765.0
2076,Shrawan,6,65000.0,64700.0,765.0
2076,Shrawan,7,65000.0,64700.0,765.0
2076,Shrawan,8,65000.0,64700.0,775.0
2076,Shrawan,9,65000.0,64700.0,775.0
2076,Shrawan,10,65000.0,64700.0,775.0
2076,Shrawan,12,65000.0,64700.0,775.0
2076,Shrawan,13,65200.0,64900.0,775.0
2076,Shrawan,14,65200.0,64900.0,775.0
2076,Shrawan,15,65400.0,65100.0,780.0
2076,Shrawan,16,65000.0,64700.0,770.0
2076,Shrawan,17,65800.0,65500.0,770.0
2076,Shrawan,19,66300.0,66000.0,775.0
2076,Shrawan,20,67800.0,67500.0,795.0
2076,Shrawan,21,68000.0,67700.0,795.0
2076,Shrawan,22,69500.0,69200.0,810.0
2076,Shrawan,23,70000.0,69700.0,825.0
2076,Shrawan,24,70000.0,69700.0,825.0
2076,Shrawan,26,70000.0,69700.0,825.0
2076,Shrawan,27,70000.0,69700.0,825.0
2076,Shrawan,28,71000.0,70700.0,835.0
2076,Shrawan,29,70300.0,70000.0,820.0
2076,Shrawan,30,71500.0,71200.0,840.0
2076,Shrawan,31,71500.0,71200.0,840.0
2077,Ashad,1,89700.0,89265.0,925.0
2077,Ashad,2,89700.0,89265.0,925.0
2077,Ashad,3,89800.0,89365.0,930.0
2077,Ashad,4,89800.0,89365.0,935.0
2077,Ashad,5,89900.0,89460.0,930.0
2077,Ashad,7,90600.0,90160.0,940.0
2077,Ashad,8,91000.0,90565.0,950.0
2077,Ashad,9,90600.0,90160.0,940.0
2077,Ashad,10,91100.0,90665.0,945.0
2077,Ashad,11,91100.0,90665.0,935.0
2077,Ashad,12,90600.0,90160.0,940.0
2077,Ashad,14,91300.0,90860.0,945.0
2077,Ashad,15,91300.0,90860.0,945.0
2077,Ashad,16,91200.0,90765.0,945.0
2077,Ashad,17,91700.0,91265.0,960.0
2077,Ashad,18,91000.0,90565.0,950.0
2077,Ashad,19,90500.0,90065.0,940.0
2077,Ashad,21,90500.0,90065.0,940.0
2077,Ashad,22,90200.0,89760.0,940.0
2077,Ashad,23,90900.0,90460.0,950.0
2077,Ashad,24,91500.0,91060.0,955.0
2077,Ashad,25,92400.0,91965.0,980.0
2077,Ashad,26,92200.0,91760.0,980.0
2077,Ashad,28,92100.0,91660.0,980.0
2077,Ashad,29,92300.0,91865.0,990.0
2077,Ashad,30,92200.0,91760.0,995.0
2077,Ashad,31,92800.0,92360.0,1005.0
2077,Ashoj,1,96600.0,96100.0,1320.0
2077,Ashoj,2,97000.0,96500.0,1330.0
2077,Ashoj,4,97000.0,96500.0,1315.0
2077,Ashoj,5,97200.0,96700.0,1320.0
2077,Ashoj,6,95500.0,95000.0,1230.0
2077,Ashoj,7,94300.0,93800.0,1190.0
2077,Ashoj,8,93100.0,92600.0,1120.0
2077,Ashoj,9,93900.0,93400.0,1160.0
2077,Ashoj,11,93300.0,92800.0,1150.0
2077,Ashoj,12,93300.0,92800.0,1150.0
2077,Ashoj,13,94200.0,93700.0,1175.0
2077,Ashoj,14,94700.0,94200.0,1190.0
2077,Ashoj,15,94500.0,94000.0,1175.0
2077,Ashoj,16,94300.0,93800.0,1175.0
2077,Ashoj,18,94500.0,94000.0,1180.0
2077,Ashoj,19,94100.0,93600.0,1180.0
2077,Ashoj,20,94900.0,94400.0,1200.0
2077,Ashoj,21,94100.0,93600.0,1175.0
2077,Ashoj,22,93900.0,93400.0,1180.0
2077,Ashoj,23,94800.0,94300.0,1195.0
2077,Ashoj,25,95600.0,95100.0,1235.0
2077,Ashoj,26,95600.0,95100.0,1245.0
2077,Ashoj,27,95100.0,94600.0,1225.0
2077,Ashoj,28,94500.0,94000.0,1205.0
2077,Ashoj,29,94500.0,94000.0,1200.0
2077,Ashoj,30,94900.0,94400.0,1200.0
2077,Bhadra,1,98200.0,97700.0,1315.0
2077,Bhadra,2,100400.0,99900.0,1380.0
2077,Bhadra,3,100400.0,99900.0,1375.0
2077,Bhadra,4,98800.0,98300.0,1360.0
2077,Bhadra,5,98800.0,98300.0,1370.0
2077,Bhadra,7,98400.0,97900.0,1345.0
2077,Bhadra,8,97900.0,97400.0,1320.0
2077,Bhadra,9,97200.0,96700.0,1320.0
2077,Bhadra,10,96800.0,96300.0,1310.0
2077,Bhadra,11,97600.0,97100.0,1345.0
2077,Bhadra,12,96900.0,96400.0,1340.0
2077,Bhadra,14,97200.0,96700.0,1340.0
2077,Bhadra,15,97500.0,97000.0,1365.0
2077,Bhadra,16,98400.0,97900.0,1395.0
2077,Bhadra,17,97200.0,96700.0,1365.0
2077,Bhadra,18,96500.0,96000.0,1345.0
2077,Bhadra,19,96400.0,95900.0,1310.0
2077,Bhadra,21,96100.0,95600.0,1320.0
2077,Bhadra,22,96100.0,95600.0,1320.0
2077,Bhadra,23,95800.0,95300.0,1310.0
2077,Bhadra,24,96400.0,95900.0,1315.0
2077,Bhadra,25,96800.0,96300.0,1325.0
2077,Bhadra,26,96500.0,96000.0,1310.0
2077,Bhadra,28,96500.0,96000.0,1310.0
2077,Bhadra,29,96900.0,96400.0,1320.0
2077,Bhadra,30,97500.0,97000.0,1340.0
2077,Bhadra,31,97500.0,97000.0,1340.0
2077,Chaitra,1,86600.0,86150.0,1270.0
2077,Chaitra,2,86600.0,86150.0,1275.0
2077,Chaitra,3,86600.0,86150.0,1280.0
2077,Chaitra,4,86900.0,86450.0,1270.0
2077,Chaitra,5,87200.0,86750.0,1290.0
2077,Chaitra,6,86700.0,86250.0,1275.0
2077,Chaitra,8,87200.0,86750.0,1280.0
2077,Chaitra,9,87000.0,86550.0,1260.0
2077,Chaitra,10,86700.0,86250.0,1250.0
2077,Chaitra,11,86700.0,86250.0,1240.0
2077,Chaitra,12,86900.0,86450.0,1230.0
2077,Chaitra,13,86300.0,85850.0,1230.0
2077,Chaitra,16,86500.0,86050.0,1225.0
2077,Chaitra,17,86000.0,85550.0,1215.0
2077,Chaitra,18,85600.0,85150.0,1195.0
2077,Chaitra,19,86500.0,86050.0,1210.0
2077,Chaitra,20,87400.0,86950.0,1240.0
2077,Chaitra,22,87400.0,86950.0,1240.0
2077,Chaitra,23,87200.0,86750.0,1235.0
2077,Chaitra,24,87500.0,87050.0,1235.0
2077,Chaitra,25,88000.0,87550.0,1245.0
2077,Chaitra,26,89000.0,88550.0,1260.0
2077,Chaitra,27,89900.0,89450.0,1280.0
2077,Chaitra,29,89500.0,89050.0,1275.0
2077,Chaitra,30,89600.0,89150.0,1275.0
2077,Chaitra,31,89500.0,89050.0,1260.0
2077,Falgun,2,90800.0,90300.0,1335.0
2077,Falgun,3,90700.0,90200.0,1340.0
2077,Falgun,4,90900.0,90400.0,1360.0
2077,Falgun,5,89800.0,89350.0,1340.0
2077,Falgun,6,89200.0,88750.0,1335.0
2077,Falgun,7,88200.0,87750.0,1305.0
2077,Falgun,9,89000.0,88550.0,1330.0
2077,Falgun,10,89000.0,88550.0,1335.0
2077,Falgun,11,90100.0,89650.0,1360.0
2077,Falgun,12,89800.0,89350.0,1345.0
2077,Falgun,13,89300.0,88850.0,1355.0
2077,Falgun,14,88800.0,88350.0,1335.0
2077,Falgun,16,88300.0,87850.0,1325.0
2077,Falgun,17,88700.0,88250.0,1330.0
2077,Falgun,18,87000.0,86550.0,1290.0
2077,Falgun,19,87500.0,87050.0,1315.0
2077,Falgun,20,86500.0,86050.0,1285.0
2077,Falgun,21,85600.0,85150.0,1250.0
2077,Falgun,23,86100.0,85650.0,1250.0
2077,Falgun,24,86200.0,85750.0,1265.0
2077,Falgun,25,85600.0,85150.0,1255.0
2077,Falgun,26,86200.0,85750.0,1270.0
2077,Falgun,27,86800.0,86350.0,1285.0
2077,Falgun,28,86200.0,85750.0,1270.0
2077,Jestha,25,87400.0,86960.0,925.0
2077,Jestha,26,87500.0,87065.0,930.0
2077,Jestha,27,87700.0,87265.0,930.0
2077,Jestha,28,88600.0,88160.0,935.0
2077,Jestha,29,89600.0,89165.0,950.0
2077,Jestha,30,89600.0,89165.0,935.0
2077,Jestha,32,89600.0,89165.0,935.0
2077,Kartik,2,94700.0,94200.0,1200.0
2077,Kartik,3,94700.0,94200.0,1200.0
2077,Kartik,4,94700.0,94200.0,1210.0
2077,Kartik,5,95500.0,95000.0,1240.0
2077,Kartik,6,95700.0,95200.0,1230.0
2077,Kartik,13,94700.0,94200.0,1180.0
2077,Kartik,14,94500.0,94000.0,1180.0
2077,Kartik,16,95000.0,94500.0,1195.0
2077,Kartik,17,95000.0,94500.0,1205.0
2077,Kartik,18,95400.0,94900.0,1210.0
2077,Kartik,19,96300.0,95800.0,1205.0
2077,Kartik,20,96200.0,95700.0,1210.0
2077,Kartik,21,97200.0,96700.0,1255.0
2077,Kartik,23,97700.0,97200.0,1275.0
2077,Kartik,24,98200.0,97700.0,1285.0
2077,Kartik,25,94800.0,94300.0,1215.0
2077,Kartik,26,94900.0,94400.0,1220.0
2077,Kartik,27,94700.0,94200.0,1220.0
2077,Kartik,28,95200.0,94700.0,1220.0
2077,Magh,1,92100.0,91600.0,1245.0
2077,Magh,2,92500.0,92000.0,1260.0
2077,Magh,4,91800.0,91300.0,1230.0
2077,Magh,5,91600.0,91100.0,1230.0
2077,Magh,6,92000.0,91500.0,1245.0
2077,Magh,7,92500.0,92000.0,1260.0
2077,Magh,8,93100.0,92600.0,1275.0
2077,Magh,9,92900.0,92400.0,1260.0
2077,Magh,11,92600.0,92100.0,1260.0
2077,Magh,12,92400.0,91900.0,1260.0
2077,Magh,13,92800.0,92300.0,1255.0
2077,Magh,14,92100.0,91600.0,1250.0
2077,Magh,15,92000.0,91500.0,1245.0
2077,Magh,16,92000.0,91500.0,1285.0
2077,Magh,18,92100.0,91600.0,1320.0
2077,Magh,19,92600.0,92100.0,1400.0
2077,Magh,20,92600.0,92100.0,1380.0
2077,Magh,21,92000.0,91500.0,1320.0
2077,Magh,22,91100.0,90600.0,1300.0
2077,Magh,23,90000.0,89550.0,1290.0
2077,Magh,25,90600.0,90150.0,1310.0
2077,Magh,26,90400.0,89950.0,1315.0
2077,Magh,27,91900.0,91400.0,1340.0
2077,Magh,28,91900.0,91400.0,1340.0
2077,Magh,29,91500.0,91000.0,1315.0
2077,Magh,30,90900.0,90400.0,1320.0
2077,Mansir,3,95100.0,94600.0,1230.0
2077,Mansir,4,94400.0,93900.0,1215.0
2077,Mansir,5,94000.0,93500.0,1210.0
2077,Mansir,7,94300.0,93800.0,1210.0
2077,Mansir,8,94300.0,93800.0,1210.0
2077,Mansir,9,92500.0,92000.0,1180.0
2077,Mansir,10,91500.0,91000.0,1175.0
2077,Mansir,11,91500.0,91000.0,1175.0
2077,Mansir,12,91300.0,90800.0,1165.0
2077,Mansir,14,90700.0,90200.0,1150.0
2077,Mansir,15,90000.0,89550.0,1120.0
2077,Mansir,16,90500.0,90050.0,1155.0
2077,Mansir,17,91000.0,90550.0,1185.0
2077,Mansir,18,92600.0,92150.0,1205.0
2077,Mansir,19,92900.0,92450.0,1210.0
2077,Mansir,21,92700.0,92250.0,1210.0
2077,Mansir,22,92600.0,92150.0,1205.0
2077,Mansir,23,94100.0,93650.0,1235.0
2077,Mansir,24,93400.0,92950.0,1215.0
2077,Mansir,25,92500.0,92050.0,1200.0
2077,Mansir,26,92500.0,92050.0,1200.0
2077,Mansir,28,92500.0,92050.0,1200.0
2077,Mansir,29,92400.0,91950.0,1200.0
2077,Mansir,30,92300.0,91850.0,1200.0
2077,Poush,1,93100.0,92650.0,1230.0
2077,Poush,2,93500.0,93050.0,1255.0
2077,Poush,3,94300.0,93850.0,1280.0
2077,Poush,5,94300.0,93850.0,1280.0
2077,Poush,6,95200.0,94700.0,1320.0
2077,Poush,7,94900.0,94400.0,1315.0
2077,Poush,8,94000.0,93500.0,1265.0
2077,Poush,9,94100.0,93600.0,1280.0
2077,Poush,10,94200.0,93700.0,1280.0
2077,Poush,12,94200.0,93700.0,1280.0
2077,Poush,13,94900.0,94400.0,1315.0
2077,Poush,14,94100.0,93600.0,1300.0
2077,Poush,15,94200.0,93700.0,1305.0
2077,Poush,16,94100.0,93600.0,1300.0
2077,Poush,17,94500.0,94000.0,1300.0
2077,Poush,19,94500.0,94000.0,1300.0
2077,Poush,20,95300.0,94800.0,1325.0
2077,Poush,21,96400.0,95900.0,1335.0
2077,Poush,22,96700.0,96200.0,1340.0
2077,Poush,23,95400.0,94900.0,1330.0
2077,Poush,24,95300.0,94800.0,1330.0
2077,Poush,26,93000.0,92500.0,1270.0
2077,Poush,27,92200.0,91700.0,1230.0
2077,Poush,28,92800.0,92300.0,1250.0
2077,Poush,29,92900.0,92400.0,1260.0
2077,Shrawan,1,92700.0,92260.0,1005.0
2077,Shrawan,2,92200.0,91760.0,995.0
2077,Shrawan,4,92500.0,92065.0,1005.0
2077,Shrawan,5,92300.0,91865.0,1000.0
2077,Shrawan,6,92700.0,92260.0,1040.0
2077,Shrawan,7,94000.0,93560.0,1135.0
2077,Shrawan,8,94500.0,94065.0,1145.0
2077,Shrawan,9,95800.0,95365.0,1150.0
2077,Shrawan,11,96300.0,95860.0,1155.0
2077,Shrawan,12,97500.0,97060.0,1210.0
2077,Shrawan,13,98200.0,97760.0,1245.0
2077,Shrawan,14,98500.0,98065.0,1225.0
2077,Shrawan,15,99000.0,98560.0,1225.0
2077,Shrawan,16,99300.0,98865.0,1200.0
2077,Shrawan,18,99600.0,99160.0,1230.0
2077,Shrawan,19,99600.0,99160.0,1230.0
2077,Shrawan,20,99800.0,99365.0,1230.0
2077,Shrawan,21,101400.0,100900.0,1295.0
2077,Shrawan,22,102500.0,102000.0,1345.0
2077,Shrawan,23,103500.0,103000.0,1405.0
2077,Shrawan,25,102600.0,102100.0,1410.0
2077,Shrawan,26,102400.0,101900.0,1395.0
2077,Shrawan,27,101600.0,101100.0,1435.0
2077,Shrawan,28,95400.0,94900.0,1210.0
2077,Shrawan,29,97800.0,97300.0,1295.0
2077,Shrawan,30,98600.0,98100.0,1355.0
2077,Shrawan,32,98400.0,97900.0,1325.0
2078,Ashad,1,93200.0,92700.0,1355.0
2078,Ashad,2,93100.0,92600.0,1360.0
2078,Ashad,3,92000.0,91500.0,1340.0
2078,Ashad,4,90800.0,90300.0,1305.0
2078,Ashad,6,90000.0,89550.0,1290.0
2078,Ashad,7,90400.0,89950.0,1295.0
2078,Ashad,8,91000.0,90500.0,1300.0
2078,Ashad,9,90700.0,90200.0,1295.0
2078,Ashad,10,,90000.0,1295.0
2078,Ashad,11,90500.0,90000.0,1300.0
2078,Ashad,13,90700.0,90200.0,1305.0
2078,Ashad,14,90700.0,90200.0,1305.0
2078,Ashad,14,97700.0,97200.0,1255.0
2078,Ashad,15,90600.0,90100.0,1300.0
2078,Ashad,16,90000.0,89550.0,1290.0
2078,Ashad,17,90800.0,90300.0,1310.0
2078,Ashad,18,91300.0,90800.0,1310.0
2078,Ashad,20,91500.0,91000.0,1325.0
2078,Ashad,21,91500.0,91000.0,1325.0
2078,Ashad,22,91800.0,91300.0,1330.0
2078,Ashad,23,92200.0,91700.0,1320.0
2078,Ashad,24,92300.0,91800.0,1310.0
2078,Ashad,25,92400.0,91900.0,1305.0
2078,Ashad,27,92400.0,91900.0,1315.0
2078,Ashad,28,92200.0,91700.0,1310.0
2078,Ashad,29,92400.0,91900.0,1320.0
2078,Ashad,30,92700.0,92200.0,1315.0
2078,Ashad,31,93200.0,92700.0,1320.0
2078,Ashoj,1,89100.0,88650.0,1170.0
2078,Ashoj,3,89100.0,88650.0,1150.0
2078,Ashoj,4,88900.0,88450.0,1135.0
2078,Ashoj,5,89200.0,88750.0,1140.0
2078,Ashoj,6,90100.0,89650.0,1165.0
2078,Ashoj,7,89600.0,89150.0,1155.0
2078,Ashoj,8,89000.0,88550.0,1160.0
2078,Ashoj,10,89000.0,88550.0,1150.0
2078,Ashoj,11,89300.0,88850.0,1160.0
2078,Ashoj,12,89000.0,88550.0,1155.0
2078,Ashoj,13,88900.0,88450.0,1155.0
2078,Ashoj,14,88700.0,88250.0,1120.0
2078,Ashoj,15,89600.0,89150.0,1140.0
2078,Ashoj,17,89800.0,89350.0,1160.0
2078,Ashoj,18,89800.0,89350.0,1160.0
2078,Ashoj,19,90300.0,89850.0,1160.0
2078,Ashoj,20,89900.0,89450.0,1160.0
2078,Ashoj,21,90400.0,89950.0,1170.0
2078,Ashoj,22,90600.0,90150.0,1170.0
2078,Ashoj,24,90700.0,90250.0,1175.0
2078,Ashoj,25,90600.0,90150.0,1180.0
2078,Baisakh,2,89800.0,89350.0,1290.0
2078,Baisakh,3,90500.0,90000.0,1300.0
2078,Baisakh,5,90700.0,90200.0,1300.0
2078,Baisakh,6,91000.0,90500.0,1300.0
2078,Baisakh,7,90700.0,90200.0,1300.0
2078,Baisakh,8,92000.0,91500.0,1310.0
2078,Baisakh,9,92200.0,91700.0,1335.0
2078,Baisakh,10,91700.0,91200.0,1320.0
2078,Baisakh,12,91300.0,90800.0,1310.0
2078,Baisakh,13,91300.0,90800.0,1310.0
2078,Baisakh,14,91200.0,90700.0,1315.0
2078,Baisakh,15,90500.0,90000.0,1305.0
2078,Baisakh,16,90800.0,90300.0,1315.0
2078,Baisakh,17,89900.0,89450.0,1295.0
2078,Baisakh,19,90000.0,89500.0,1295.0
2078,Baisakh,20,90400.0,89900.0,1300.0
2078,Baisakh,21,90600.0,90100.0,1325.0
2078,Baisakh,22,90300.0,89800.0,1320.0
2078,Baisakh,23,90600.0,90100.0,1315.0
2078,Baisakh,24,91700.0,91200.0,1350.0
2078,Baisakh,26,91800.0,91300.0,1345.0
2078,Baisakh,27,92000.0,91500.0,1360.0
2078,Baisakh,28,92300.0,91800.0,1345.0
2078,Baisakh,29,92000.0,91500.0,1345.0
2078,Baisakh,30,91600.0,91100.0,1335.0
2078,Baisakh,31,91600.0,91100.0,1330.0
2078,Bhadra,1,91000.0,90500.0,1210.0
2078,Bhadra,2,91200.0,90700.0,1205.0
2078,Bhadra,3,90800.0,90300.0,1180.0
2078,Bhadra,4,91200.0,90700.0,1195.0
2078,Bhadra,6,90900.0,90400.0,1180.0
2078,Bhadra,7,91100.0,90600.0,1190.0
2078,Bhadra,8,91600.0,91100.0,1200.0
2078,Bhadra,9,91300.0,90800.0,1210.0
2078,Bhadra,10,91100.0,90600.0,1210.0
2078,Bhadra,11,91600.0,91100.0,1200.0
2078,Bhadra,13,91600.0,91100.0,1210.0
2078,Bhadra,14,91600.0,91100.0,1210.0
2078,Bhadra,15,91200.0,90700.0,1205.0
2078,Bhadra,16,91000.0,90500.0,1195.0
2078,Bhadra,17,90800.0,90300.0,1205.0
2078,Bhadra,18,90900.0,90400.0,1195.0
2078,Bhadra,20,91500.0,91000.0,1230.0
2078,Bhadra,21,91400.0,90900.0,1230.0
2078,Bhadra,22,91400.0,90900.0,1230.0
2078,Bhadra,23,90700.0,90200.0,1220.0
2078,Bhadra,24,90600.0,90100.0,1210.0
2078,Bhadra,25,90700.0,90200.0,1215.0
2078,Bhadra,27,90300.0,89800.0,1195.0
2078,Bhadra,28,90600.0,90100.0,1200.0
2078,Bhadra,29,90600.0,90100.0,1200.0
2078,Bhadra,30,91200.0,90700.0,1200.0
2078,Bhadra,31,90500.0,90000.0,1200.0
2078,Chaitra,1,100500.0,100000.0,1380.0
2078,Chaitra,2,99300.0,98800.0,1370.0
2078,Chaitra,3,99800.0,99300.0,1390.0
2078,Chaitra,4,99800.0,99300.0,1385.0
2078,Chaitra,6,99200.0,98700.0,1375.0
2078,Chaitra,7,99500.0,99000.0,1375.0
2078,Chaitra,8,100300.0,99800.0,1395.0
2078,Chaitra,9,99200.0,98700.0,1370.0
2078,Chaitra,10,100300.0,99800.0,1375.0
2078,Chaitra,11,100900.0,100400.0,1400.0
2078,Chaitra,13,100900.0,100400.0,1400.0
2078,Chaitra,14,100500.0,100000.0,1380.0
2078,Chaitra,15,99200.0,98700.0,1370.0
2078,Chaitra,16,98800.0,98300.0,1360.0
2078,Chaitra,17,98900.0,98400.0,1350.0
2078,Chaitra,18,99700.0,99200.0,1360.0
2078,Chaitra,20,99300.0,98800.0,1360.0
2078,Chaitra,21,98700.0,98200.0,1350.0
2078,Chaitra,22,98800.0,98300.0,1340.0
2078,Chaitra,23,98500.0,98000.0,1335.0
2078,Chaitra,24,99000.0,98500.0,1345.0
2078,Chaitra,25,99500.0,99000.0,1355.0
2078,Chaitra,27,100300.0,99800.0,1365.0
2078,Chaitra,28,100100.0,99600.0,1365.0
2078,Chaitra,29,100900.0,100400.0,1380.0
2078,Chaitra,30,101500.0,101000.0,1400.0
2078,Falgun,1,95500.0,95000.0,1300.0
2078,Falgun,2,95500.0,95000.0,1300.0
2078,Falgun,3,96700.0,96200.0,1320.0
2078,Falgun,4,95100.0,94600.0,1285.0
2078,Falgun,5,96100.0,95600.0,1295.0
2078,Falgun,6,96500.0,96000.0,1305.0
2078,Falgun,8,96600.0,96100.0,1305.0
2078,Falgun,9,96200.0,95700.0,1300.0
2078,Falgun,10,97000.0,96500.0,1315.0
2078,Falgun,11,96500.0,96000.0,1320.0
2078,Falgun,12,99000.0,98500.0,1355.0
2078,Falgun,13,98000.0,97500.0,1335.0
2078,Falgun,15,96600.0,96100.0,1295.0
2078,Falgun,16,98200.0,97700.0,1340.0
2078,Falgun,17,97600.0,97100.0,1335.0
2078,Falgun,18,99500.0,99000.0,1375.0
2078,Falgun,19,99000.0,98500.0,1380.0
2078,Falgun,20,99900.0,99400.0,1380.0
2078,Falgun,22,101900.0,101400.0,1415.0
2078,Falgun,23,103000.0,102500.0,1425.0
2078,Falgun,24,103000.0,102500.0,1410.0
2078,Falgun,25,105500.0,105000.0,1450.0
2078,Falgun,26,102000.0,101500.0,1405.0
2078,Falgun,27,102600.0,102100.0,1415.0
2078,Falgun,29,102800.0,102300.0,1425.0
2078,Falgun,30,102300.0,101800.0,1415.0
2078,Jestha,2,92500.0,92000.0,1350.0
2078,Jestha,3,92800.0,92300.0,1355.0
2078,Jestha,4,93400.0,92900.0,1390.0
2078,Jestha,5,93300.0,92800.0,1370.0
2078,Jestha,6,93700.0,93200.0,1360.0
2078,Jestha,7,93300.0,92800.0,1350.0
2078,Jestha,9,93600.0,93100.0,1345.0
2078,Jestha,10,93700.0,93200.0,1350.0
2078,Jestha,11,93500.0,93000.0,1350.0
2078,Jestha,13,94200.0,93700.0,1350.0
2078,Jestha,14,93800.0,93300.0,1350.0
2078,Jestha,16,94000.0,93500.0,1355.0
2078,Jestha,17,94200.0,93700.0,1360.0
2078,Jestha,18,94500.0,94000.0,1370.0
2078,Jestha,19,94500.0,94000.0,1360.0
2078,Jestha,20,94900.0,94400.0,1375.0
2078,Jestha,21,93400.0,92900.0,1340.0
2078,Jestha,23,94100.0,93600.0,1355.0
2078,Jestha,24,93800.0,93300.0,1350.0
2078,Jestha,25,94100.0,93600.0,1355.0
2078,Jestha,26,94200.0,93700.0,1350.0
2078,Jestha,27,93900.0,93400.0,1355.0
2078,Jestha,28,94500.0,94000.0,1370.0
2078,Jestha,30,93900.0,93400.0,1370.0
2078,Jestha,31,93200.0,92700.0,1365.0
2078,Kartik,1,91300.0,90800.0,1225.0
2078,Kartik,3,91400.0,90900.0,1235.0
2078,Kartik,4,91700.0,91200.0,1260.0
2078,Kartik,5,91700.0,91200.0,1250.0
2078,Kartik,7,92100.0,91600.0,1260.0
2078,Kartik,8,92400.0,91900.0,1265.0
2078,Kartik,9,92600.0,92100.0,1265.0
2078,Kartik,10,92000.0,91500.0,1250.0
2078,Kartik,11,92400.0,91900.0,1250.0
2078,Kartik,12,92000.0,91500.0,1245.0
2078,Kartik,14,91700.0,91200.0,1240.0
2078,Kartik,15,91800.0,91300.0,1245.0
2078,Kartik,16,92000.0,91500.0,1250.0
2078,Kartik,17,91500.0,91000.0,1225.0
2078,Kartik,18,91000.0,90500.0,1225.0
2078,Kartik,22,92500.0,92000.0,1250.0
2078,Kartik,23,92300.0,91800.0,1250.0
2078,Kartik,24,92700.0,92200.0,1250.0
2078,Kartik,25,94000.0,93500.0,1270.0
2078,Kartik,26,94400.0,93900.0,1285.0
2078,Kartik,28,94600.0,94100.0,1295.0
2078,Kartik,29,94300.0,93800.0,1280.0
2078,Kartik,30,94800.0,94300.0,1290.0
2078,Magh,2,92400.0,91900.0,1250.0
2078,Magh,3,92500.0,92000.0,1255.0
2078,Magh,4,92600.0,92100.0,1255.0
2078,Magh,5,92700.0,92200.0,1285.0
2078,Magh,6,93700.0,93200.0,1315.0
2078,Magh,7,93800.0,93300.0,1325.0
2078,Magh,9,93500.0,93000.0,1315.0
2078,Magh,10,93500.0,93000.0,1315.0
2078,Magh,11,94000.0,93500.0,1300.0
2078,Magh,12,94400.0,93900.0,1300.0
2078,Magh,13,93500.0,93000.0,1290.0
2078,Magh,14,92600.0,92100.0,1265.0
2078,Magh,16,92200.0,91700.0,1250.0
2078,Magh,17,91800.0,91300.0,1240.0
2078,Magh,18,91900.0,91400.0,1240.0
2078,Magh,19,92200.0,91700.0,1255.0
2078,Magh,20,92700.0,92200.0,1255.0
2078,Magh,21,92500.0,92000.0,1250.0
2078,Magh,23,92500.0,92000.0,1250.0
2078,Magh,24,92600.0,92100.0,1255.0
2078,Magh,25,93100.0,92600.0,1260.0
2078,Magh,26,93400.0,92900.0,1280.0
2078,Magh,27,93900.0,93400.0,1280.0
2078,Magh,28,94000.0,93500.0,1280.0
2078,Mansir,1,94300.0,93800.0,1280.0
2078,Mansir,2,94500.0,94000.0,1280.0
2078,Mansir,3,94400.0,93900.0,1275.0
2078,Mansir,5,93700.0,93200.0,1260.0
2078,Mansir,6,93900.0,93400.0,1270.0
2078,Mansir,7,92300.0,91800.0,1255.0
2078,Mansir,8,91800.0,91300.0,1225.0
2078,Mansir,9,91700.0,91200.0,1230.0
2078,Mansir,10,91900.0,91400.0,1225.0
2078,Mansir,12,92100.0,91600.0,1210.0
2078,Mansir,13,92000.0,91500.0,1220.0
2078,Mansir,14,91900.0,91400.0,1205.0
2078,Mansir,15,91500.0,91000.0,1200.0
2078,Mansir,16,91500.0,91000.0,1190.0
2078,Mansir,17,91300.0,90800.0,1190.0
2078,Mansir,19,92000.0,91500.0,1200.0
2078,Mansir,20,92000.0,91500.0,1200.0
2078,Mansir,21,91800.0,91300.0,1190.0
2078,Mansir,22,92300.0,91800.0,1200.0
2078,Mansir,23,92300.0,91800.0,1200.0
2078,Mansir,24,92200.0,91700.0,1185.0
2078,Mansir,26,92500.0,92000.0,1190.0
2078,Mansir,27,92500.0,92000.0,1190.0
2078,Mansir,28,92800.0,92300.0,1210.0
2078,Mansir,29,92300.0,91800.0,1210.0
2078,Poush,1,93000.0,92500.0,1235.0
2078,Poush,2,94000.0,93500.0,1250.0
2078,Poush,4,93600.0,93100.0,1245.0
2078,Poush,5,93800.0,93300.0,1245.0
2078,Poush,6,93000.0,92500.0,1235.0
2078,Poush,7,92600.0,92100.0,1245.0
2078,Poush,8,93300.0,92800.0,1260.0
2078,Poush,9,93100.0,92600.0,1260.0
2078,Poush,11,93100.0,92600.0,1260.0
2078,Poush,12,93200.0,92700.0,1250.0
2078,Poush,13,93000.0,92500.0,1260.0
2078,Poush,14,92500.0,92000.0,1260.0
2078,Poush,15,92100.0,91600.0,1245.0
2078,Poush,16,92700.0,92200.0,1260.0
2078,Poush,18,93400.0,92900.0,1270.0
2078,Poush,19,93100.0,92600.0,1265.0
2078,Poush,20,92200.0,91700.0,1250.0
2078,Poush,21,92800.0,92300.0,1260.0
2078,Poush,22,92300.0,91800.0,1235.0
2078,Poush,23,91600.0,91100.0,1225.0
2078,Poush,25,91600.0,91100.0,1225.0
2078,Poush,26,91300.0,90800.0,1220.0
2078,Poush,27,91600.0,91100.0,1230.0
2078,Poush,28,92000.0,91500.0,1235.0
2078,Poush,29,92500.0,92000.0,1255.0
2078,Poush,30,92700.0,92200.0,1260.0
2078,Shrawan,1,93200.0,92700.0,1320.0
2078,Shrawan,3,92600.0,92100.0,1295.0
2078,Shrawan,4,92800.0,92300.0,1290.0
2078,Shrawan,5,93200.0,92700.0,1280.0
2078,Shrawan,6,92500.0,92000.0,1260.0
2078,Shrawan,7,91800.0,91300.0,1270.0
2078,Shrawan,8,92100.0,91600.0,1280.0
2078,Shrawan,10,92000.0,91500.0,1270.0
2078,Shrawan,11,92100.0,91600.0,1270.0
2078,Shrawan,12,91800.0,91300.0,1270.0
2078,Shrawan,13,92100.0,91600.0,1255.0
2078,Shrawan,14,92400.0,91900.0,1270.0
2078,Shrawan,15,92900.0,92400.0,1285.0
2078,Shrawan,17,92400.0,91900.0,1285.0
2078,Shrawan,18,92300.0,91800.0,1285.0
2078,Shrawan,19,92300.0,91800.0,1275.0
2078,Shrawan,20,92000.0,91500.0,1285.0
2078,Shrawan,21,92000.0,91500.0,1275.0
2078,Shrawan,22,91500.0,91000.0,1265.0
2078,Shrawan,24,90000.0,89550.0,1240.0
2078,Shrawan,25,89000.0,88550.0,1215.0
2078,Shrawan,26,89200.0,88750.0,1205.0
2078,Shrawan,27,88800.0,88350.0,1190.0
2078,Shrawan,28,89400.0,88950.0,1190.0
2078,Shrawan,29,89700.0,89250.0,1185.0
2078,Shrawan,31,90700.0,90200.0,1205.0
2078,Shrawan,32,90600.0,90100.0,1200.0
2079,Ashad,1,96500.0,96000.0,1245.0
2079,Ashad,2,97300.0,96800.0,1265.0
2079,Ashad,3,97800.0,97300.0,1275.0
2079,Ashad,5,97500.0,97000.0,1265.0
2079,Ashad,6,97700.0,97200.0,1265.0
2079,Ashad,7,97700.0,97200.0,1265.0
2079,Ashad,8,97300.0,96800.0,1255.0
2079,Ashad,9,97500.0,97000.0,1250.0
2079,Ashad,10,97200.0,96700.0,1240.0
2079,Ashad,12,97300.0,96800.0,1245.0
2079,Ashad,13,97700.0,97200.0,1255.0
2079,Ashad,15,97800.0,97300.0,1240.0
2079,Ashad,16,97500.0,97000.0,1235.0
2079,Ashad,17,97200.0,96700.0,1210.0
2079,Ashad,19,97500.0,97000.0,1200.0
2079,Ashad,20,97500.0,97000.0,1200.0
2079,Ashad,21,97600.0,97100.0,1205.0
2079,Ashad,22,96000.0,95500.0,1175.0
2079,Ashad,23,94600.0,94100.0,1185.0
2079,Ashad,24,94600.0,94100.0,1175.0
2079,Ashad,26,94800.0,,
2079,Ashoj,2,91800.0,91300.0,1185.0
2079,Ashoj,3,91400.0,90900.0,1175.0
2079,Ashoj,4,91800.0,91300.0,1180.0
2079,Ashoj,5,91300.0,90800.0,1170.0
2079,Ashoj,6,91800.0,91300.0,1185.0
2079,Ashoj,7,92800.0,92300.0,1200.0
2079,Ashoj,9,91800.0,91300.0,1170.0
2079,Ashoj,10,91800.0,91300.0,1160.0
2079,Ashoj,11,91400.0,90900.0,1150.0
2079,Ashoj,12,91600.0,91100.0,1145.0
2079,Ashoj,13,92800.0,92300.0,1170.0
2079,Ashoj,14,93000.0,92500.0,1170.0
2079,Ashoj,23,96000.0,95500.0,1255.0
2079,Ashoj,24,95200.0,94700.0,1230.0
2079,Ashoj,25,94000.0,93500.0,1215.0
2079,Ashoj,26,94200.0,93700.0,1200.0
2079,Ashoj,27,94200.0,93700.0,1190.0
2079,Ashoj,28,94100.0,93600.0,1185.0
2079,Ashoj,30,93100.0,92600.0,1160.0
2079,Ashoj,31,93300.0,92800.0,1160.0
2079,Baisakh,1,101500.0,101000.0,1400.0
2079,Baisakh,2,102000.0,101500.0,1415.0
2079,Baisakh,4,102000.0,101500.0,1415.0
2079,Baisakh,5,102500.0,102000.0,1420.0
2079,Baisakh,6,102100.0,101600.0,1420.0
2079,Baisakh,7,100600.0,100100.0,1385.0
2079,Baisakh,8,100900.0,100400.0,1380.0
2079,Baisakh,9,100900.0,100400.0,1360.0
2079,Baisakh,11,100500.0,100000.0,1360.0
2079,Baisakh,12,100200.0,99700.0,1350.0
2079,Baisakh,13,99300.0,98800.0,1350.0
2079,Baisakh,14,99000.0,98500.0,1340.0
2079,Baisakh,15,98000.0,97500.0,1320.0
2079,Baisakh,16,99200.0,98700.0,1320.0
2079,Baisakh,18,99000.0,98500.0,1300.0
2079,Baisakh,19,98200.0,97700.0,1290.0
2079,Baisakh,20,97200.0,96700.0,1290.0
2079,Baisakh,21,97200.0,96700.0,1290.0
2079,Baisakh,22,98600.0,98100.0,1305.0
2079,Baisakh,23,98000.0,97500.0,1280.0
2079,Baisakh,25,98600.0,98100.0,1285.0
2079,Baisakh,26,98700.0,98200.0,1285.0
2079,Baisakh,27,98000.0,97500.0,1275.0
2079,Baisakh,28,97000.0,96500.0,1245.0
2079,Baisakh,29,97800.0,97300.0,1250.0
2079,Bhadra,1,96200.0,95700.0,1210.0
2079,Bhadra,2,95900.0,95400.0,1195.0
2079,Bhadra,3,95500.0,95000.0,1185.0
2079,Bhadra,5,95500.0,95000.0,1170.0
2079,Bhadra,6,95300.0,94800.0,1165.0
2079,Bhadra,7,95000.0,94500.0,1160.0
2079,Bhadra,8,95300.0,94800.0,1165.0
2079,Bhadra,9,95800.0,95300.0,1175.0
2079,Bhadra,10,95800.0,95300.0,1175.0
2079,Bhadra,12,95100.0,94600.0,1160.0
2079,Bhadra,13,94500.0,94000.0,1145.0
2079,Bhadra,14,94800.0,94300.0,1145.0
2079,Bhadra,15,94000.0,93500.0,1130.0
2079,Bhadra,16,93100.0,92600.0,1100.0
2079,Bhadra,17,93000.0,92500.0,1105.0
2079,Bhadra,19,93600.0,93100.0,1110.0
2079,Bhadra,20,93700.0,93200.0,1115.0
2079,Bhadra,21,94000.0,93500.0,1125.0
2079,Bhadra,22,93000.0,92500.0,1110.0
2079,Bhadra,23,93800.0,93300.0,1135.0
2079,Bhadra,24,93900.0,93400.0,1150.0
2079,Bhadra,26,93900.0,93400.0,1150.0
2079,Bhadra,27,93600.0,93100.0,1150.0
2079,Bhadra,28,93500.0,93000.0,1185.0
2079,Bhadra,29,92800.0,92300.0,1175.0
2079,Bhadra,30,92500.0,92000.0,1180.0
2079,Bhadra,31,91500.0,91000.0,1170.0
2079,Chaitra,1,105700.0,105200.0,1300.0
2079,Chaitra,2,106700.0,106200.0,1305.0
2079,Chaitra,3,107100.0,106600.0,1310.0
2079,Chaitra,5,110000.0,109500.0,1345.0
2079,Chaitra,6,109300.0,108800.0,1330.0
2079,Chaitra,7,109800.0,109300.0,1340.0
2079,Chaitra,8,107800.0,107300.0,1335.0
2079,Chaitra,9,109000.0,108500.0,1360.0
2079,Chaitra,10,109800.0,109300.0,1360.0
2079,Chaitra,12,109200.0,108700.0,1370.0
2079,Chaitra,13,109000.0,108500.0,1360.0
2079,Chaitra,14,108000.0,107500.0,1355.0
2079,Chaitra,15,108500.0,108000.0,1365.0
2079,Chaitra,16,108200.0,107700.0,1375.0
2079,Chaitra,17,109200.0,108700.0,1400.0
2079,Chaitra,19,108600.0,108100.0,1410.0
2079,Chaitra,20,108000.0,107500.0,1390.0
2079,Chaitra,21,109000.0,108500.0,1400.0
2079,Chaitra,22,111000.0,110450.0,1440.0
2079,Chaitra,23,110200.0,109650.0,1435.0
2079,Chaitra,24,110000.0,109500.0,1440.0
2079,Chaitra,26,110000.0,109500.0,1440.0
2079,Chaitra,27,109300.0,108800.0,1430.0
2079,Chaitra,28,109800.0,109300.0,1435.0
2079,Chaitra,29,110800.0,110250.0,1450.0
2079,Chaitra,30,110800.0,110250.0,1450.0
2079,Falgun,1,104000.0,103500.0,1295.0
2079,Falgun,2,103800.0,103300.0,1295.0
2079,Falgun,3,103600.0,103100.0,1290.0
2079,Falgun,4,103000.0,102500.0,1285.0
2079,Falgun,5,102500.0,102000.0,1275.0
2079,Falgun,7,103200.0,102700.0,1290.0
2079,Falgun,8,103200.0,102700.0,1290.0
2079,Falgun,9,103000.0,102500.0,1290.0
2079,Falgun,10,103000.0,102500.0,1295.0
2079,Falgun,11,102500.0,102000.0,1285.0
2079,Falgun,12,102400.0,101900.0,1275.0
2079,Falgun,14,102000.0,101500.0,1260.0
2079,Falgun,15,101800.0,101300.0,1255.0
2079,Falgun,16,101800.0,101300.0,1255.0
2079,Falgun,17,102300.0,101800.0,1270.0
2079,Falgun,18,102600.0,102100.0,1270.0
2079,Falgun,19,102500.0,102000.0,1265.0
2079,Falgun,21,102800.0,102300.0,1275.0
2079,Falgun,23,102500.0,102000.0,1265.0
2079,Falgun,24,101500.0,101000.0,1225.0
2079,Falgun,25,101000.0,100500.0,1220.0
2079,Falgun,26,101800.0,101300.0,1220.0
2079,Falgun,28,103500.0,103000.0,1245.0
2079,Falgun,29,104100.0,103600.0,1255.0
2079,Falgun,30,105700.0,105200.0,1300.0
2079,Jestha,1,96500.0,96000.0,1240.0
2079,Jestha,3,96700.0,96200.0,1260.0
2079,Jestha,4,95800.0,95300.0,1250.0
2079,Jestha,5,96300.0,95800.0,1255.0
2079,Jestha,6,97300.0,96800.0,1270.0
2079,Jestha,8,98000.0,97500.0,1270.0
2079,Jestha,9,98000.0,97500.0,1270.0
2079,Jestha,10,98000.0,97500.0,1270.0
2079,Jestha,11,98200.0,97700.0,1275.0
2079,Jestha,12,97800.0,97300.0,1270.0
2079,Jestha,13,98000.0,97500.0,1280.0
2079,Jestha,15,98000.0,97500.0,1280.0
2079,Jestha,16,98200.0,97700.0,1285.0
2079,Jestha,17,98000.0,97500.0,1270.0
2079,Jestha,18,97200.0,96700.0,1250.0
2079,Jestha,19,97600.0,97100.0,1265.0
2079,Jestha,20,98500.0,98000.0,1290.0
2079,Jestha,22,97900.0,97400.0,1275.0
2079,Jestha,23,98100.0,97600.0,1290.0
2079,Jestha,24,97500.0,97000.0,1275.0
2079,Jestha,25,97500.0,97000.0,1280.0
2079,Jestha,26,98000.0,97500.0,1280.0
2079,Jestha,27,97700.0,97200.0,1265.0
2079,Jestha,29,99200.0,98700.0,1280.0
2079,Jestha,30,98900.0,98400.0,1265.0
2079,Jestha,31,97100.0,96600.0,1245.0
2079,Kartik,1,93400.0,92900.0,1180.0
2079,Kartik,2,93200.0,92700.0,1175.0
2079,Kartik,3,93100.0,92600.0,1170.0
2079,Kartik,4,92500.0,92000.0,1170.0
2079,Kartik,5,94000.0,93500.0,1215.0
2079,Kartik,6,94000.0,93500.0,1215.0
2079,Kartik,7,94000.0,93500.0,1215.0
2079,Kartik,13,93000.0,92500.0,1200.0
2079,Kartik,14,93000.0,92500.0,1200.0
2079,Kartik,15,93100.0,92600.0,1215.0
2079,Kartik,16,93600.0,93100.0,1225.0
2079,Kartik,17,93200.0,92700.0,1215.0
2079,Kartik,18,93100.0,92600.0,1225.0
2079,Kartik,20,94500.0,94000.0,1275.0
2079,Kartik,21,94300.0,93800.0,1265.0
2079,Kartik,22,94000.0,93500.0,1265.0
2079,Kartik,23,95400.0,94900.0,1295.0
2079,Kartik,24,95400.0,94900.0,1285.0
2079,Kartik,25,96700.0,96200.0,1295.0
2079,Kartik,27,97300.0,96800.0,1300.0
2079,Kartik,28,97200.0,96700.0,1295.0
2079,Kartik,29,98200.0,97700.0,1325.0
2079,Kartik,30,98400.0,97900.0,1295.0
2079,Magh,1,105000.0,104500.0,1390.0
2079,Magh,2,105200.0,104700.0,1400.0
2079,Magh,3,105100.0,104600.0,1390.0
2079,Magh,4,104500.0,104000.0,1375.0
2079,Magh,5,104500.0,104000.0,1355.0
2079,Magh,6,105200.0,104700.0,1375.0
2079,Magh,8,105000.0,104500.0,1375.0
2079,Magh,9,105300.0,104800.0,1380.0
2079,Magh,10,106300.0,105800.0,1365.0
2079,Magh,11,106200.0,105700.0,1365.0
2079,Magh,12,106900.0,106400.0,1380.0
2079,Magh,13,105800.0,105300.0,1380.0
2079,Magh,15,106000.0,105500.0,1365.0
2079,Magh,16,106300.0,105800.0,1365.0
2079,Magh,17,105800.0,105300.0,1365.0
2079,Magh,18,106300.0,105800.0,1370.0
2079,Magh,19,107500.0,107000.0,1395.0
2079,Magh,20,106100.0,105600.0,1365.0
2079,Magh,22,104100.0,103600.0,1320.0
2079,Magh,23,104600.0,104100.0,1320.0
2079,Magh,24,104600.0,104100.0,1320.0
2079,Magh,25,104800.0,104300.0,1315.0
2079,Magh,26,104900.0,104400.0,1320.0
2079,Magh,27,103600.0,103100.0,1290.0
2079,Magh,29,104000.0,103500.0,1295.0
2079,Mansir,1,98000.0,97500.0,1285.0
2079,Mansir,2,98100.0,97600.0,1280.0
2079,Mansir,5,97500.0,97000.0,1265.0
2079,Mansir,6,97200.0,96700.0,1280.0
2079,Mansir,7,96800.0,96300.0,1275.0
2079,Mansir,8,97800.0,97300.0,1305.0
2079,Mansir,9,97800.0,97300.0,1295.0
2079,Mansir,11,97800.0,97300.0,1295.0
2079,Mansir,12,97500.0,97000.0,1285.0
2079,Mansir,13,97400.0,96900.0,1285.0
2079,Mansir,14,97600.0,97100.0,1290.0
2079,Mansir,15,98100.0,97600.0,1330.0
2079,Mansir,16,99100.0,98600.0,1345.0
2079,Mansir,18,99500.0,99000.0,1370.0
2079,Mansir,19,99900.0,99400.0,1385.0
2079,Mansir,20,99300.0,98800.0,1350.0
2079,Mansir,21,99300.0,98800.0,1350.0
2079,Mansir,22,99700.0,99200.0,1360.0
2079,Mansir,23,100300.0,99800.0,1390.0
2079,Mansir,25,100500.0,100000.0,1400.0
2079,Mansir,26,100200.0,99700.0,1390.0
2079,Mansir,27,100000.0,99500.0,1390.0
2079,Mansir,28,101000.0,100500.0,1400.0
2079,Mansir,29,100300.0,99800.0,1380.0
2079,Poush,1,99900.0,99400.0,1370.0
2079,Poush,3,100500.0,100000.0,1380.0
2079,Poush,4,100500.0,100000.0,1380.0
2079,Poush,5,100400.0,99900.0,1375.0
2079,Poush,6,101200.0,100700.0,1400.0
2079,Poush,7,101500.0,101000.0,1405.0
2079,Poush,8,100300.0,99800.0,1390.0
2079,Poush,10,100500.0,100000.0,1390.0
2079,Poush,11,100500.0,100000.0,1390.0
2079,Poush,12,100700.0,100200.0,1390.0
2079,Poush,13,101100.0,100600.0,1400.0
2079,Poush,14,100900.0,100400.0,1380.0
2079,Poush,15,101400.0,100900.0,1395.0
2079,Poush,17,101700.0,101200.0,1400.0
2079,Poush,18,101700.0,101200.0,1400.0
2079,Poush,19,102600.0,102100.0,1410.0
2079,Poush,20,102900.0,102400.0,1400.0
2079,Poush,21,103100.0,102600.0,1385.0
2079,Poush,22,102300.0,101800.0,1365.0
2079,Poush,24,103300.0,102800.0,1380.0
2079,Poush,25,103900.0,103400.0,1390.0
2079,Poush,26,103500.0,103000.0,1365.0
2079,Poush,27,103200.0,102700.0,1365.0
2079,Poush,28,103400.0,102900.0,1360.0
2079,Poush,29,103900.0,103400.0,1365.0
2079,Shrawan,1,93600.0,93100.0,1160.0
2079,Shrawan,2,94000.0,93500.0,1165.0
2079,Shrawan,3,93800.0,93300.0,1160.0
2079,Shrawan,4,94000.0,93500.0,1165.0
2079,Shrawan,5,93000.0,92500.0,1155.0
2079,Shrawan,6,94000.0,93500.0,1165.0
2079,Shrawan,8,94500.0,94000.0,1155.0
2079,Shrawan,9,94400.0,93900.0,1155.0
2079,Shrawan,10,94200.0,93700.0,1150.0
2079,Shrawan,11,94000.0,93500.0,1155.0
2079,Shrawan,12,94800.0,94300.0,1185.0
2079,Shrawan,13,95600.0,95100.0,1220.0
2079,Shrawan,15,95800.0,95300.0,1230.0
2079,Shrawan,16,95400.0,94900.0,1220.0
2079,Shrawan,17,95600.0,95100.0,1220.0
2079,Shrawan,18,95300.0,94800.0,1210.0
2079,Shrawan,19,96100.0,95600.0,1210.0
2079,Shrawan,20,96800.0,96300.0,1220.0
2079,Shrawan,22,96300.0,95800.0,1205.0
2079,Shrawan,23,96300.0,95800.0,1205.0
2079,Shrawan,24,96900.0,96400.0,1240.0
2079,Shrawan,25,97100.0,96600.0,1230.0
2079,Shrawan,26,96600.0,96100.0,1225.0
2079,Shrawan,27,97300.0,96800.0,1225.0
2079,Shrawan,29,97800.0,97300.0,1250.0
2079,Shrawan,30,97400.0,96900.0,1235.0
2079,Shrawan,31,96700.0,96200.0,1220.0
2080,Ashad,1,111800.0,111250.0,1425.0
2080,Ashad,3,112000.0,111450.0,1445.0
2080,Ashad,4,112000.0,111450.0,1440.0
2080,Ashad,5,111800.0,111250.0,1430.0
2080,Ashad,6,111000.0,110450.0,1385.0
2080,Ashad,7,110500.0,109950.0,1360.0
2080,Ashad,8,109800.0,109300.0,1335.0
2080,Ashad,10,110200.0,109650.0,1350.0
2080,Ashad,11,110400.0,109850.0,1365.0
2080,Ashad,12,110600.0,110050.0,1375.0
2080,Ashad,13,110000.0,109500.0,1375.0
2080,Ashad,14,109400.0,108900.0,1370.0
2080,Ashad,15,109600.0,109100.0,1360.0
2080,Ashad,17,110100.0,109550.0,1370.0
2080,Ashad,18,110000.0,109500.0,1370.0
2080,Ashad,19,110400.0,109850.0,1375.0
2080,Ashad,20,110600.0,110050.0,1380.0
2080,Ashad,21,110700.0,110150.0,1395.0
2080,Ashad,22,110600.0,110050.0,1375.0
2080,Ashad,24,111300.0,110750.0,1395.0
2080,Ashad,25,111300.0,110750.0,1395.0
2080,Ashad,26,111300.0,110750.0,1395.0
2080,Ashad,27,111600.0,111050.0,1400.0
2080,Ashad,28,112400.0,111850.0,1440.0
2080,Ashad,29,112500.0,111950.0,1480.0
2080,Ashad,31,112200.0,111650.0,1480.0
2080,Ashoj,1,112500.0,111950.0,1405.0
2080,Ashoj,2,113000.0,112450.0,1410.0
2080,Ashoj,3,112800.0,112250.0,1405.0
2080,Ashoj,4,112500.0,111950.0,1410.0
2080,Ashoj,5,112100.0,111550.0,1425.0
2080,Ashoj,7,112200.0,111650.0,1430.0
2080,Ashoj,8,112200.0,111650.0,1430.0
2080,Ashoj,9,111800.0,111250.0,1400.0
2080,Ashoj,10,111000.0,110450.0,1385.0
2080,Ashoj,11,109600.0,109100.0,1370.0
2080,Ashoj,12,108800.0,108300.0,1395.0
2080,Ashoj,14,108000.0,107500.0,1360.0
2080,Ashoj,15,107900.0,107400.0,1340.0
2080,Ashoj,16,106600.0,106100.0,1310.0
2080,Ashoj,17,106900.0,106400.0,1310.0
2080,Ashoj,18,107300.0,106800.0,1310.0
2080,Ashoj,19,107300.0,106800.0,1310.0
2080,Ashoj,21,107600.0,107100.0,1330.0
2080,Ashoj,22,108600.0,108100.0,1345.0
2080,Ashoj,23,108900.0,108400.0,1340.0
2080,Ashoj,24,108800.0,108300.0,1340.0
2080,Ashoj,25,109500.0,109000.0,1350.0
2080,Ashoj,26,110100.0,109550.0,1345.0
2080,Ashoj,27,113000.0,112450.0,1390.0
2080,Ashoj,28,113000.0,112450.0,1390.0
2080,Ashoj,29,112300.0,111750.0,1390.0
2080,Ashoj,30,111900.0,111350.0,1375.0
2080,Baisakh,3,110000.0,109500.0,1450.0
2080,Baisakh,4,110000.0,109500.0,1450.0
2080,Baisakh,5,110000.0,109500.0,1435.0
2080,Baisakh,6,110300.0,109750.0,1445.0
2080,Baisakh,7,109800.0,109300.0,1445.0
2080,Baisakh,8,110200.0,109650.0,1445.0
2080,Baisakh,10,109300.0,108800.0,1440.0
2080,Baisakh,11,109100.0,108600.0,1420.0
2080,Baisakh,12,109500.0,109000.0,1420.0
2080,Baisakh,13,109700.0,109200.0,1415.0
2080,Baisakh,14,109600.0,109100.0,1415.0
2080,Baisakh,15,109100.0,108600.0,1410.0
2080,Baisakh,17,109200.0,108700.0,1415.0
2080,Baisakh,18,109000.0,108500.0,1415.0
2080,Baisakh,19,108800.0,108300.0,1405.0
2080,Baisakh,20,110600.0,110050.0,1425.0
2080,Baisakh,21,111800.0,111250.0,1445.0
2080,Baisakh,24,110600.0,110050.0,1445.0
2080,Baisakh,25,110900.0,110350.0,1445.0
2080,Baisakh,26,111200.0,110650.0,1445.0
2080,Baisakh,27,111600.0,111050.0,1445.0
2080,Baisakh,28,111600.0,111050.0,1430.0
2080,Baisakh,29,110800.0,110250.0,1375.0
2080,Baisakh,31,110800.0,110250.0,1375.0
2080,Bhadra,1,110400.0,109850.0,1390.0
2080,Bhadra,3,110300.0,109750.0,1390.0
2080,Bhadra,4,110300.0,109750.0,1390.0
2080,Bhadra,5,110500.0,109950.0,1415.0
2080,Bhadra,6,110600.0,110050.0,1425.0
2080,Bhadra,7,111100.0,110550.0,1460.0
2080,Bhadra,8,111100.0,110550.0,1450.0
2080,Bhadra,10,111100.0,110550.0,1465.0
2080,Bhadra,11,111100.0,110550.0,1460.0
2080,Bhadra,12,111700.0,111150.0,1465.0
2080,Bhadra,13,112500.0,111950.0,1485.0
2080,Bhadra,14,112800.0,112250.0,1480.0
2080,Bhadra,15,112500.0,111950.0,1470.0
2080,Bhadra,17,112600.0,112050.0,1460.0
2080,Bhadra,18,113000.0,112450.0,1465.0
2080,Bhadra,19,112700.0,112150.0,1445.0
2080,Bhadra,20,112400.0,111850.0,1430.0
2080,Bhadra,21,112000.0,111450.0,1410.0
2080,Bhadra,22,112300.0,111750.0,1405.0
2080,Bhadra,24,111900.0,111350.0,1395.0
2080,Bhadra,25,112000.0,111450.0,1400.0
2080,Bhadra,26,112000.0,111450.0,1405.0
2080,Bhadra,27,111200.0,110650.0,1390.0
2080,Bhadra,28,111200.0,110650.0,1385.0
2080,Bhadra,29,111800.0,111250.0,1395.0
2080,Bhadra,31,112300.0,111750.0,1400.0
2080,Chaitra,1,125800.0,125200.0,1515.0
2080,Chaitra,2,125400.0,124800.0,1515.0
2080,Chaitra,4,125000.0,124400.0,1530.0
2080,Chaitra,5,124500.0,123900.0,1520.0
2080,Chaitra,6,125200.0,124600.0,1525.0
2080,Chaitra,7,125200.0,124600.0,1520.0
2080,Chaitra,8,127800.0,127200.0,1555.0
2080,Chaitra,9,126500.0,125900.0,1500.0
2080,Chaitra,12,126700.0,126100.0,1515.0
2080,Chaitra,13,126400.0,125800.0,1505.0
2080,Chaitra,14,126800.0,126200.0,1490.0
2080,Chaitra,15,127900.0,127300.0,1510.0
2080,Chaitra,16,130000.0,129400.0,1525.0
2080,Chaitra,18,130000.0,129400.0,1525.0
2080,Chaitra,19,131600.0,130950.0,1535.0
2080,Chaitra,20,131200.0,130550.0,1545.0
2080,Chaitra,21,133000.0,132350.0,1610.0
2080,Chaitra,22,134000.0,133350.0,1650.0
2080,Chaitra,23,132700.0,132050.0,1615.0
2080,Chaitra,25,135600.0,134950.0,1670.0
2080,Chaitra,26,136200.0,135550.0,1685.0
2080,Chaitra,27,136300.0,135650.0,1685.0
2080,Chaitra,28,136800.0,136150.0,1700.0
2080,Chaitra,29,136600.0,135950.0,1700.0
2080,Chaitra,30,139000.0,138350.0,1750.0
2080,Falgun,1,117700.0,117150.0,1395.0
2080,Falgun,2,116500.0,115950.0,1365.0
2080,Falgun,3,116500.0,115950.0,1375.0
2080,Falgun,4,117100.0,116550.0,1410.0
2080,Falgun,6,117600.0,117050.0,1430.0
2080,Falgun,7,118000.0,117450.0,1410.0
2080,Falgun,8,118000.0,117450.0,1410.0
2080,Falgun,9,118400.0,117850.0,1415.0
2080,Falgun,10,118000.0,117450.0,1400.0
2080,Falgun,11,118000.0,117450.0,1395.0
2080,Falgun,13,118500.0,117950.0,1400.0
2080,Falgun,14,118300.0,117750.0,1395.0
2080,Falgun,15,118300.0,117750.0,1380.0
2080,Falgun,16,118200.0,117650.0,1375.0
2080,Falgun,17,118400.0,117850.0,1375.0
2080,Falgun,18,119000.0,118450.0,1390.0
2080,Falgun,20,121000.0,120400.0,1410.0
2080,Falgun,21,121000.0,120400.0,1410.0
2080,Falgun,22,123000.0,122400.0,1445.0
2080,Falgun,23,123500.0,122900.0,1440.0
2080,Falgun,24,125000.0,124400.0,1470.0
2080,Falgun,25,125000.0,124400.0,1470.0
2080,Falgun,27,126000.0,125400.0,1475.0
2080,Falgun,28,126000.0,125400.0,1475.0
2080,Falgun,29,126000.0,125400.0,1485.0
2080,Falgun,30,125000.0,124400.0,1465.0
2080,Jestha,1,111000.0,110450.0,1375.0
2080,Jestha,2,111100.0,110550.0,1375.0
2080,Jestha,3,110000.0,109500.0,1370.0
2080,Jestha,4,109700.0,109200.0,1370.0
2080,Jestha,5,109200.0,108700.0,1370.0
2080,Jestha,7,110000.0,109500.0,1385.0
2080,Jestha,8,110000.0,109500.0,1375.0
2080,Jestha,9,109200.0,108700.0,1365.0
2080,Jestha,10,109800.0,109300.0,1360.0
2080,Jestha,11,108800.0,108300.0,1350.0
2080,Jestha,12,108300.0,107800.0,1345.0
2080,Jestha,14,108100.0,107600.0,1360.0
2080,Jestha,15,108100.0,107600.0,1360.0
2080,Jestha,16,110500.0,109950.0,1375.0
2080,Jestha,17,112000.0,111450.0,1395.0
2080,Jestha,18,112500.0,111950.0,1410.0
2080,Jestha,19,113300.0,112750.0,1435.0
2080,Jestha,21,111600.0,111050.0,1415.0
2080,Jestha,22,111600.0,111050.0,1415.0
2080,Jestha,23,112500.0,111950.0,1420.0
2080,Jestha,24,112700.0,112150.0,1420.0
2080,Jestha,25,111700.0,111150.0,1415.0
2080,Jestha,26,112500.0,111950.0,1455.0
2080,Jestha,28,112500.0,111950.0,1455.0
2080,Jestha,29,112400.0,111850.0,1445.0
2080,Jestha,30,112700.0,112150.0,1450.0
2080,Jestha,31,111800.0,111250.0,1425.0
2080,Jestha,32,111000.0,110450.0,1405.0
2080,Kartik,1,113200.0,112650.0,1410.0
2080,Kartik,2,113700.0,113150.0,1395.0
2080,Kartik,3,115500.0,114950.0,1400.0
2080,Kartik,10,116000.0,115450.0,1400.0
2080,Kartik,11,117000.0,116450.0,1415.0
2080,Kartik,12,117000.0,116450.0,1415.0
2080,Kartik,13,116500.0,115950.0,1410.0
2080,Kartik,14,116000.0,115450.0,1420.0
2080,Kartik,15,115000.0,114450.0,1385.0
2080,Kartik,16,115700.0,115150.0,1405.0
2080,Kartik,17,115900.0,115350.0,1390.0
2080,Kartik,19,115900.0,115350.0,1415.0
2080,Kartik,20,115400.0,114850.0,1415.0
2080,Kartik,21,115000.0,114450.0,1405.0
2080,Kartik,22,114700.0,114150.0,1385.0
2080,Kartik,23,113700.0,113150.0,1380.0
2080,Kartik,24,114700.0,114150.0,1400.0
2080,Kartik,26,113700.0,113150.0,1380.0
2080,Kartik,27,113200.0,112650.0,1360.0
2080,Magh,1,119500.0,118950.0,1420.0
2080,Magh,2,119400.0,118850.0,1415.0
2080,Magh,3,118200.0,117650.0,1400.0
2080,Magh,4,117500.0,116950.0,1390.0
2080,Magh,5,118000.0,117450.0,1395.0
2080,Magh,7,118400.0,117850.0,1390.0
2080,Magh,8,118400.0,117850.0,1390.0
2080,Magh,9,118400.0,117850.0,1370.0
2080,Magh,10,118400.0,117850.0,1380.0
2080,Magh,11,118000.0,117450.0,1400.0
2080,Magh,12,118000.0,117450.0,1400.0
2080,Magh,14,118000.0,117450.0,1400.0
2080,Magh,15,118300.0,117750.0,1405.0
2080,Magh,16,118600.0,118050.0,1420.0
2080,Magh,17,118700.0,118150.0,1420.0
2080,Magh,18,119200.0,118650.0,1410.0
2080,Magh,19,119500.0,118950.0,1415.0
2080,Magh,21,118900.0,118350.0,1395.0
2080,Magh,22,118500.0,117950.0,1390.0
2080,Magh,23,118000.0,117450.0,1375.0
2080,Magh,24,118600.0,118050.0,1375.0
2080,Magh,25,118400.0,117850.0,1370.0
2080,Magh,26,118500.0,117950.0,1390.0
2080,Magh,28,118000.0,117450.0,1390.0
2080,Magh,29,118000.0,117450.0,1395.0
2080,Mansir,1,115500.0,114950.0,1450.0
2080,Mansir,3,115500.0,114950.0,1450.0
2080,Mansir,4,115700.0,115150.0,1450.0
2080,Mansir,5,116200.0,115650.0,1455.0
2080,Mansir,6,116500.0,115950.0,1455.0
2080,Mansir,7,116500.0,115950.0,1445.0
2080,Mansir,8,116300.0,115750.0,1450.0
2080,Mansir,10,116900.0,116350.0,1485.0
2080,Mansir,11,117400.0,116850.0,1500.0
2080,Mansir,12,117700.0,117150.0,1500.0
2080,Mansir,13,119300.0,118750.0,1520.0
2080,Mansir,14,119300.0,118750.0,1520.0
2080,Mansir,15,119000.0,118450.0,1540.0
2080,Mansir,17,120800.0,120200.0,1545.0
2080,Mansir,18,121600.0,121000.0,1545.0
2080,Mansir,19,119200.0,118650.0,1500.0
2080,Mansir,20,118400.0,117850.0,1480.0
2080,Mansir,21,118600.0,118050.0,1460.0
2080,Mansir,22,118800.0,118250.0,1460.0
2080,Mansir,24,117500.0,116950.0,1425.0
2080,Mansir,25,117000.0,116450.0,1410.0
2080,Mansir,26,116300.0,115750.0,1410.0
2080,Mansir,27,116000.0,115450.0,1400.0
2080,Mansir,28,118800.0,118250.0,1455.0
2080,Mansir,29,119100.0,118550.0,1470.0
2080,Poush,1,117800.0,117250.0,1455.0
2080,Poush,2,117800.0,117250.0,1455.0
2080,Poush,3,118000.0,117450.0,1450.0
2080,Poush,4,119000.0,118450.0,1465.0
2080,Poush,5,119000.0,118450.0,1480.0
2080,Poush,6,119800.0,119250.0,1485.0
2080,Poush,8,119900.0,119350.0,1475.0
2080,Poush,9,119900.0,119350.0,1475.0
2080,Poush,10,120500.0,119900.0,1485.0
2080,Poush,11,120700.0,120100.0,1475.0
2080,Poush,12,122000.0,121400.0,1490.0
2080,Poush,13,120700.0,120100.0,1455.0
2080,Poush,15,120500.0,119900.0,1455.0
2080,Poush,16,120500.0,119900.0,1455.0
2080,Poush,17,121000.0,120400.0,1460.0
2080,Poush,18,120800.0,120200.0,1450.0
2080,Poush,19,119500.0,118950.0,1420.0
2080,Poush,20,119500.0,118950.0,1420.0
2080,Poush,22,119500.0,118950.0,1420.0
2080,Poush,23,118800.0,118250.0,1415.0
2080,Poush,24,118600.0,118050.0,1415.0
2080,Poush,25,118500.0,117950.0,1410.0
2080,Poush,26,118300.0,117750.0,1410.0
2080,Poush,27,118600.0,118050.0,1400.0
2080,Poush,29,119200.0,118650.0,1420.0
2080,Shrawan,1,112200.0,111650.0,1480.0
2080,Shrawan,2,112500.0,111950.0,1480.0
2080,Shrawan,3,113100.0,112550.0,1490.0
2080,Shrawan,4,113600.0,113050.0,1495.0
2080,Shrawan,5,112800.0,112250.0,1480.0
2080,Shrawan,7,112300.0,111750.0,1465.0
2080,Shrawan,8,112000.0,111450.0,1460.0
2080,Shrawan,9,112200.0,111650.0,1455.0
2080,Shrawan,10,112700.0,112150.0,1465.0
2080,Shrawan,11,113500.0,112950.0,1490.0
2080,Shrawan,12,112600.0,112050.0,1450.0
2080,Shrawan,14,112900.0,112350.0,1455.0
2080,Shrawan,15,112600.0,112050.0,1450.0
2080,Shrawan,16,113000.0,112450.0,1475.0
2080,Shrawan,17,112400.0,111850.0,1460.0
2080,Shrawan,18,112200.0,111650.0,1425.0
2080,Shrawan,19,112200.0,111650.0,1425.0
2080,Shrawan,21,112500.0,111950.0,1425.0
2080,Shrawan,22,112400.0,111850.0,1425.0
2080,Shrawan,23,112100.0,111550.0,1400.0
2080,Shrawan,24,112000.0,111450.0,1390.0
2080,Shrawan,25,111300.0,110750.0,1380.0
2080,Shrawan,26,111100.0,110550.0,1375.0
2080,Shrawan,28,111100.0,110550.0,1375.0
2080,Shrawan,29,111300.0,110750.0,1375.0
2080,Shrawan,30,111300.0,110750.0,1380.0
2080,Shrawan,31,111200.0,110650.0,1375.0
2080,Shrawan,32,110400.0,109850.0,1370.0
2081,Ashad,2,142800.0,142100.0,1820.0
2081,Ashad,3,142200.0,141500.0,1800.0
2081,Ashad,4,142200.0,141500.0,1815.0
2081,Ashad,5,142200.0,141500.0,1805.0
2081,Ashad,6,142800.0,142100.0,1840.0
2081,Ashad,7,144700.0,144000.0,1865.0
2081,Ashad,9,142000.0,141300.0,1815.0
2081,Ashad,10,142300.0,141600.0,1820.0
2081,Ashad,11,142300.0,141600.0,1815.0
2081,Ashad,12,141600.0,140900.0,1790.0
2081,Ashad,13,140800.0,140100.0,1780.0
2081,Ashad,14,141800.0,141100.0,1790.0
2081,Ashad,16,142000.0,141300.0,1790.0
2081,Ashad,17,142200.0,141500.0,1790.0
2081,Ashad,18,142300.0,141600.0,1805.0
2081,Ashad,19,142700.0,142000.0,1825.0
2081,Ashad,20,144300.0,143600.0,1865.0
2081,Ashad,21,144400.0,143700.0,1870.0
2081,Ashad,23,145400.0,144700.0,1890.0
2081,Ashad,24,145000.0,144300.0,1890.0
2081,Ashad,25,144100.0,143400.0,1885.0
2081,Ashad,26,144100.0,143400.0,1870.0
2081,Ashad,27,144900.0,144200.0,1885.0
2081,Ashad,28,146700.0,146000.0,1900.0
2081,Ashad,30,146700.0,146000.0,1875.0
2081,Ashad,31,146900.0,146200.0,1885.0
2081,Ashoj,1,156700.0,0.0,1905.0
2081,Ashoj,2,156400.0,0.0,1890.0
2081,Ashoj,3,155600.0,0.0,1880.0
2081,Ashoj,4,157100.0,0.0,1915.0
2081,Ashoj,6,158800.0,0.0,1920.0
2081,Ashoj,7,159200.0,0.0,1920.0
2081,Ashoj,8,159700.0,0.0,1915.0
2081,Ashoj,9,160400.0,0.0,1955.0
2081,Ashoj,10,160700.0,0.0,1955.0
2081,Ashoj,11,161200.0,0.0,1955.0
2081,Ashoj,13,160600.0,0.0,1945.0
2081,Ashoj,14,160500.0,0.0,1940.0
2081,Ashoj,15,160000.0,0.0,1925.0
2081,Ashoj,16,160800.0,0.0,1935.0
2081,Ashoj,17,160900.0,0.0,1950.0
2081,Ashoj,18,161300.0,0.0,1980.0
2081,Ashoj,20,161000.0,0.0,1985.0
2081,Ashoj,21,160500.0,0.0,1980.0
2081,Ashoj,22,160100.0,0.0,1940.0
2081,Ashoj,23,159100.0,0.0,1900.0
2081,Ashoj,29,160500.0,0.0,1925.0
2081,Ashoj,30,161800.0,0.0,1950.0
2081,Baisakh,2,136800.0,136150.0,1700.0
2081,Baisakh,3,137500.0,136850.0,1715.0
2081,Baisakh,4,139200.0,138550.0,1750.0
2081,Baisakh,5,139200.0,138550.0,1715.0
2081,Baisakh,6,138600.0,137950.0,1725.0
2081,Baisakh,7,139300.0,138650.0,1720.0
2081,Baisakh,9,139300.0,138650.0,1740.0
2081,Baisakh,10,138200.0,137550.0,1705.0
2081,Baisakh,11,135500.0,134850.0,1660.0
2081,Baisakh,12,136000.0,135350.0,1670.0
2081,Baisakh,13,135800.0,135150.0,1655.0
2081,Baisakh,14,137200.0,136550.0,1675.0
2081,Baisakh,16,137600.0,136950.0,1660.0
2081,Baisakh,17,137200.0,136550.0,1665.0
2081,Baisakh,18,137200.0,136550.0,1650.0
2081,Baisakh,19,134500.0,133850.0,1630.0
2081,Baisakh,20,136500.0,135850.0,1645.0
2081,Baisakh,21,135400.0,134750.0,1645.0
2081,Baisakh,23,135400.0,134750.0,1640.0
2081,Baisakh,24,135600.0,134950.0,1660.0
2081,Baisakh,25,136400.0,135750.0,1675.0
2081,Baisakh,26,136400.0,135750.0,1675.0
2081,Baisakh,27,135600.0,134950.0,1685.0
2081,Baisakh,28,137900.0,137250.0,1735.0
2081,Baisakh,30,138400.0,137750.0,1725.0
2081,Baisakh,31,138100.0,137450.0,1715.0
2081,Bhadra,2,152600.0,0.0,1810.0
2081,Bhadra,3,152300.0,0.0,1810.0
2081,Bhadra,4,152200.0,0.0,1820.0
2081,Bhadra,5,153000.0,0.0,1835.0
2081,Bhadra,6,151900.0,0.0,1830.0
2081,Bhadra,7,151400.0,0.0,1815.0
2081,Bhadra,9,152400.0,0.0,1850.0
2081,Bhadra,10,152300.0,0.0,1840.0
2081,Bhadra,11,152300.0,0.0,1850.0
2081,Bhadra,12,153100.0,0.0,1855.0
2081,Bhadra,13,153200.0,0.0,1830.0
2081,Bhadra,14,152900.0,0.0,1820.0
2081,Bhadra,16,152300.0,0.0,1795.0
2081,Bhadra,17,152000.0,0.0,1775.0
2081,Bhadra,18,152000.0,0.0,1775.0
2081,Bhadra,19,152000.0,0.0,1755.0
2081,Bhadra,20,152000.0,0.0,1765.0
2081,Bhadra,21,153300.0,0.0,1795.0
2081,Bhadra,23,152100.0,0.0,1750.0
2081,Bhadra,24,152200.0,0.0,1755.0
2081,Bhadra,25,152400.0,0.0,1765.0
2081,Bhadra,26,153400.0,0.0,1780.0
2081,Bhadra,27,153300.0,0.0,1795.0
2081,Bhadra,28,156300.0,0.0,1860.0
2081,Bhadra,30,156800.0,0.0,1900.0
2081,Bhadra,31,157300.0,0.0,1915.0
2081,Chaitra,1,174500.0,0.0,2050.0
2081,Chaitra,3,174100.0,0.0,2045.0
2081,Chaitra,4,174100.0,0.0,2040.0
2081,Chaitra,5,175200.0,0.0,2050.0
2081,Chaitra,6,176000.0,0.0,2045.0
2081,Chaitra,7,176000.0,0.0,2030.0
2081,Chaitra,8,175000.0,0.0,1995.0
2081,Chaitra,10,174100.0,0.0,1980.0
2081,Chaitra,11,173500.0,0.0,1980.0
2081,Chaitra,12,173300.0,0.0,1980.0
2081,Chaitra,13,173500.0,0.0,1990.0
2081,Chaitra,14,174800.0,0.0,2020.0
2081,Chaitra,15,176200.0,0.0,2040.0
2081,Chaitra,17,176800.0,0.0,2025.0
2081,Chaitra,18,177900.0,0.0,2035.0
2081,Chaitra,19,179700.0,0.0,2035.0
2081,Chaitra,20,179100.0,0.0,2020.0
2081,Chaitra,21,180300.0,0.0,1995.0
2081,Chaitra,22,176400.0,0.0,1870.0
2081,Chaitra,24,174500.0,0.0,1800.0
2081,Chaitra,25,173800.0,0.0,1830.0
2081,Chaitra,26,173400.0,0.0,1830.0
2081,Chaitra,27,175400.0,0.0,1835.0
2081,Chaitra,28,181100.0,0.0,1900.0
2081,Chaitra,29,185000.0,0.0,1905.0
2081,Chaitra,31,186000.0,0.0,1960.0
2081,Falgun,1,169800.0,0.0,1965.0
2081,Falgun,2,170200.0,0.0,1970.0
2081,Falgun,4,167500.0,0.0,1955.0
2081,Falgun,5,168700.0,0.0,1970.0
2081,Falgun,6,169400.0,0.0,1970.0
2081,Falgun,7,170500.0,0.0,1985.0
2081,Falgun,8,171000.0,0.0,1995.0
2081,Falgun,9,170000.0,0.0,1990.0
2081,Falgun,11,170300.0,0.0,1970.0
2081,Falgun,12,170800.0,0.0,1985.0
2081,Falgun,13,171300.0,0.0,1970.0
2081,Falgun,14,170500.0,0.0,1940.0
2081,Falgun,15,170300.0,0.0,1945.0
2081,Falgun,16,168100.0,,1915.0
2081,Falgun,18,168100.0,0.0,1915.0
2081,Falgun,19,168100.0,0.0,1915.0
2081,Falgun,20,169500.0,0.0,1940.0
2081,Falgun,21,170400.0,0.0,1950.0
2081,Falgun,22,170700.0,0.0,1985.0
2081,Falgun,23,170200.0,0.0,1990.0
2081,Falgun,25,170300.0,0.0,1985.0
2081,Falgun,26,170400.0,0.0,1985.0
2081,Falgun,27,169900.0,0.0,1970.0
2081,Falgun,28,170500.0,0.0,2000.0
2081,Jestha,1,137400.0,136750.0,1740.0
2081,Jestha,2,138400.0,137750.0,1745.0
2081,Jestha,3,140000.0,139300.0,1805.0
2081,Jestha,4,139300.0,138650.0,1800.0
2081,Jestha,6,140900.0,140200.0,1910.0
2081,Jestha,7,141800.0,141100.0,1940.0
2081,Jestha,8,140600.0,139900.0,1885.0
2081,Jestha,9,140500.0,139800.0,1900.0
2081,Jestha,10,138700.0,138050.0,1865.0
2081,Jestha,11,136900.0,136250.0,1855.0
2081,Jestha,13,136900.0,136250.0,1855.0
2081,Jestha,14,137200.0,136550.0,1880.0
2081,Jestha,15,137600.0,136950.0,1920.0
2081,Jestha,16,138200.0,137550.0,1930.0
2081,Jestha,17,140500.0,139800.0,1900.0
2081,Jestha,18,142200.0,141500.0,1875.0
2081,Jestha,20,142000.0,141300.0,1850.0
2081,Jestha,21,141000.0,140300.0,1835.0
2081,Jestha,22,142700.0,142000.0,1860.0
2081,Jestha,23,142200.0,141500.0,1825.0
2081,Jestha,24,144000.0,143300.0,1850.0
2081,Jestha,25,145000.0,144300.0,1900.0
2081,Jestha,27,141000.0,140300.0,1825.0
2081,Jestha,28,141000.0,140300.0,1825.0
2081,Jestha,29,141000.0,140300.0,1815.0
2081,Jestha,30,141600.0,140900.0,1820.0
2081,Jestha,31,141600.0,140900.0,1810.0
2081,Jestha,32,141200.0,140500.0,1800.0
2081,Kartik,1,162400.0,0.0,1950.0
2081,Kartik,2,164400.0,0.0,1980.0
2081,Kartik,4,165000.0,0.0,2075.0
2081,Kartik,5,165600.0,0.0,2095.0
2081,Kartik,6,165900.0,0.0,2100.0
2081,Kartik,7,166700.0,0.0,2135.0
2081,Kartik,8,166000.0,0.0,2095.0
2081,Kartik,9,166000.0,0.0,2070.0
2081,Kartik,11,167400.0,0.0,2085.0
2081,Kartik,12,167000.0,0.0,2065.0
2081,Kartik,13,168500.0,0.0,2105.0
2081,Kartik,14,170700.0,0.0,2120.0
2081,Kartik,15,171000.0,0.0,2090.0
2081,Kartik,20,168200.0,0.0,2030.0
2081,Kartik,21,168500.0,0.0,2015.0
2081,Kartik,22,164500.0,0.0,1960.0
2081,Kartik,23,166500.0,0.0,1980.0
2081,Kartik,25,166000.0,0.0,1960.0
2081,Kartik,26,165000.0,0.0,1955.0
2081,Kartik,27,162600.0,0.0,1925.0
2081,Kartik,28,162200.0,0.0,1940.0
2081,Kartik,29,160000.0,0.0,1905.0
2081,Kartik,30,160100.0,0.0,1910.0
2081,Magh,1,155000.0,0.0,1820.0
2081,Magh,2,155400.0,0.0,1830.0
2081,Magh,3,156600.0,0.0,1880.0
2081,Magh,4,157900.0,0.0,1890.0
2081,Magh,6,157100.0,0.0,1860.0
2081,Magh,7,157000.0,0.0,1860.0
2081,Magh,8,158100.0,0.0,1875.0
2081,Magh,9,160000.0,0.0,1895.0
2081,Magh,10,159600.0,0.0,1875.0
2081,Magh,11,160600.0,0.0,1880.0
2081,Magh,13,160400.0,0.0,1865.0
2081,Magh,14,160100.0,0.0,1850.0
2081,Magh,15,159200.0,0.0,1835.0
2081,Magh,16,160600.0,0.0,1855.0
2081,Magh,17,160500.0,0.0,1885.0
2081,Magh,18,162800.0,0.0,1915.0
2081,Magh,20,162800.0,0.0,1910.0
2081,Magh,21,162800.0,0.0,1895.0
2081,Magh,22,164700.0,0.0,1930.0
2081,Magh,23,166900.0,0.0,1975.0
2081,Magh,24,168500.0,0.0,1980.0
2081,Magh,25,168100.0,0.0,1985.0
2081,Magh,27,168200.0,0.0,1960.0
2081,Magh,28,169600.0,0.0,1975.0
2081,Magh,29,170200.0,0.0,1945.0
2081,Magh,30,167500.0,0.0,1930.0
2081,Mansir,2,160000.0,0.0,1905.0
2081,Mansir,3,161000.0,0.0,1920.0
2081,Mansir,4,162100.0,0.0,1955.0
2081,Mansir,5,163000.0,0.0,1950.0
2081,Mansir,6,164000.0,0.0,1950.0
2081,Mansir,7,165500.0,0.0,1940.0
2081,Mansir,9,167200.0,0.0,1960.0
2081,Mansir,10,151300.0,0.0,1845.0
2081,Mansir,11,148700.0,0.0,1820.0
2081,Mansir,12,149600.0,0.0,1830.0
2081,Mansir,13,149300.0,0.0,1800.0
2081,Mansir,14,150900.0,0.0,1845.0
2081,Mansir,16,150500.0,0.0,1840.0
2081,Mansir,17,149300.0,0.0,1815.0
2081,Mansir,18,150300.0,0.0,1845.0
2081,Mansir,19,150400.0,0.0,1865.0
2081,Mansir,20,150700.0,0.0,1880.0
2081,Mansir,21,150100.0,0.0,1890.0
2081,Mansir,23,149700.0,0.0,1865.0
2081,Mansir,24,150100.0,0.0,1865.0
2081,Mansir,25,152200.0,0.0,1925.0
2081,Mansir,26,154200.0,0.0,1925.0
2081,Mansir,27,154200.0,0.0,1925.0
2081,Mansir,28,153000.0,0.0,1860.0
2081,Mansir,30,150800.0,0.0,1840.0
2081,Poush,1,151200.0,0.0,1840.0
2081,Poush,2,151400.0,,1840.0
2081,Poush,3,150700.0,0.0,1835.0
2081,Poush,4,149000.0,0.0,1780.0
2081,Poush,5,148500.0,0.0,1760.0
2081,Poush,7,149600.0,0.0,1790.0
2081,Poush,8,149800.0,0.0,1795.0
2081,Poush,9,149800.0,0.0,1805.0
2081,Poush,10,149700.0,0.0,1800.0
2081,Poush,11,150300.0,0.0,1800.0
2081,Poush,12,150700.0,0.0,1815.0
2081,Poush,14,150200.0,0.0,1790.0
2081,Poush,15,150600.0,0.0,1795.0
2081,Poush,16,149600.0,0.0,1765.0
2081,Poush,17,151000.0,0.0,1765.0
2081,Poush,18,151500.0,0.0,1790.0
2081,Poush,19,153500.0,0.0,1810.0
2081,Poush,21,152000.0,0.0,1810.0
2081,Poush,22,152000.0,0.0,1810.0
2081,Poush,23,152000.0,0.0,1830.0
2081,Poush,24,152500.0,0.0,1830.0
2081,Poush,25,153300.0,0.0,1840.0
2081,Poush,26,154100.0,0.0,1845.0
2081,Poush,28,155700.0,0.0,1860.0
2081,Poush,29,155800.0,0.0,1860.0
2081,Shrawan,1,147800.0,147100.0,1875.0
2081,Shrawan,2,149800.0,149100.0,1895.0
2081,Shrawan,3,149500.0,148800.0,1860.0
2081,Shrawan,4,147500.0,146800.0,1830.0
2081,Shrawan,6,146200.0,145500.0,1810.0
2081,Shrawan,7,146300.0,145600.0,1790.0
2081,Shrawan,8,146300.0,145600.0,1790.0
2081,Shrawan,9,147400.0,146700.0,1805.0
2081,Shrawan,10,145000.0,144300.0,1750.0
2081,Shrawan,11,144700.0,144000.0,1730.0
2081,Shrawan,13,145700.0,145000.0,1740.0
2081,Shrawan,14,146100.0,145400.0,1750.0
2081,Shrawan,15,146000.0,0.0,1740.0
2081,Shrawan,16,147800.0,0.0,1780.0
2081,Shrawan,17,149400.0,0.0,1800.0
2081,Shrawan,18,149900.0,0.0,1795.0
2081,Shrawan,20,149700.0,0.0,1785.0
2081,Shrawan,21,150000.0,0.0,1785.0
2081,Shrawan,22,147700.0,0.0,1725.0
2081,Shrawan,23,146300.0,0.0,1710.0
2081,Shrawan,24,146600.0,0.0,1690.0
2081,Shrawan,25,148100.0,0.0,1730.0
2081,Shrawan,27,148800.0,0.0,1720.0
2081,Shrawan,28,148700.0,0.0,1715.0
2081,Shrawan,29,150800.0,0.0,1740.0
2081,Shrawan,30,150500.0,0.0,1735.0
2081,Shrawan,31,150500.0,0.0,1740.0
2081,Shrawan,32,149600.0,0.0,1760.0
2082,Ashad,1,197500.0,0.0,2165.0
2082,Ashad,2,197500.0,0.0,2165.0
2082,Ashad,3,195000.0,0.0,2160.0
2082,Ashad,4,195900.0,0.0,2225.0
2082,Ashad,5,195500.0,0.0,2200.0
2082,Ashad,6,194700.0,0.0,2150.0
2082,Ashad,8,195200.0,0.0,2160.0
2082,Ashad,9,195200.0,0.0,2170.0
2082,Ashad,10,193500.0,0.0,2160.0
2082,Ashad,11,192000.0,0.0,2140.0
2082,Ashad,12,192300.0,0.0,2175.0
2082,Ashad,13,189400.0,0.0,2165.0
2082,Ashad,15,188400.0,0.0,2140.0
2082,Ashad,16,188100.0,0.0,2150.0
2082,Ashad,17,190500.0,0.0,2155.0
2082,Ashad,18,191700.0,0.0,2145.0
2082,Ashad,19,192100.0,0.0,2170.0
2082,Ashad,27,191800.0,0.0,2220.0
2082,Ashad,29,192900.0,0.0,2285.0
2082,Ashad,30,193300.0,0.0,2315.0
2082,Ashad,31,193300.0,0.0,2275.0
2082,Ashad,32,192000.0,0.0,2260.0
2082,Baisakh,2,184300.0,0.0,1945.0
2082,Baisakh,3,187000.0,0.0,1955.0
2082,Baisakh,4,190600.0,0.0,1960.0
2082,Baisakh,5,189800.0,0.0,1960.0
2082,Baisakh,7,189800.0,0.0,1960.0
2082,Baisakh,8,191000.0,0.0,1960.0
2082,Baisakh,9,197900.0,0.0,1970.0
2082,Baisakh,10,190400.0,0.0,1965.0
2082,Baisakh,11,190600.0,0.0,2010.0
2082,Baisakh,12,189600.0,,2000.0
2082,Baisakh,14,189700.0,0.0,1990.0
2082,Baisakh,15,188300.0,0.0,1970.0
2082,Baisakh,16,188800.0,0.0,1970.0
2082,Baisakh,17,188100.0,0.0,1965.0
2082,Baisakh,18,183500.0,0.0,1915.0
2082,Baisakh,19,183500.0,0.0,1930.0
2082,Baisakh,21,184100.0,0.0,1910.0
2082,Baisakh,22,184600.0,0.0,1910.0
2082,Baisakh,23,189900.0,0.0,1965.0
2082,Baisakh,24,191600.0,0.0,1965.0
2082,Baisakh,25,192200.0,0.0,1955.0
2082,Baisakh,26,190800.0,0.0,1960.0
2082,Baisakh,28,190500.0,0.0,1970.0
2082,Baisakh,29,186800.0,0.0,1960.0
2082,Baisakh,30,184800.0,0.0,1970.0
2082,Baisakh,31,185300.0,0.0,1960.0
2082,Bhadra,1,195500.0,0.0,2310.0
2082,Bhadra,2,196300.0,0.0,2315.0
2082,Bhadra,3,195100.0,0.0,2300.0
2082,Bhadra,4,193500.0,0.0,2255.0
2082,Bhadra,5,194800.0,0.0,2290.0
2082,Bhadra,6,195200.0,0.0,2310.0
2082,Bhadra,8,197500.0,0.0,2350.0
2082,Bhadra,9,197200.0,0.0,2355.0
2082,Bhadra,10,198700.0,0.0,2360.0
2082,Bhadra,11,199000.0,0.0,2345.0
2082,Bhadra,12,199400.0,0.0,2355.0
2082,Bhadra,13,200600.0,0.0,2360.0
2082,Bhadra,15,203600.0,0.0,2425.0
2082,Bhadra,16,205300.0,0.0,2470.0
2082,Bhadra,17,205900.0,0.0,2485.0
2082,Bhadra,18,207900.0,0.0,2480.0
2082,Bhadra,19,207900.0,0.0,2480.0
2082,Bhadra,20,210400.0,0.0,2490.0
2082,Bhadra,22,212000.0,0.0,2500.0
2082,Bhadra,23,211600.0,0.0,2475.0
2082,Bhadra,24,214700.0,0.0,2515.0
2082,Bhadra,25,214700.0,0.0,2505.0
2082,Bhadra,26,214200.0,0.0,2505.0
2082,Bhadra,27,215800.0,0.0,2565.0
2082,Jestha,1,181800.0,0.0,1925.0
2082,Jestha,2,184800.0,0.0,1945.0
2082,Jestha,4,184200.0,0.0,1945.0
2082,Jestha,5,184800.0,0.0,1945.0
2082,Jestha,6,184800.0,0.0,1940.0
2082,Jestha,7,189800.0,0.0,1990.0
2082,Jestha,8,191500.0,0.0,2025.0
2082,Jestha,9,190400.0,0.0,2005.0
2082,Jestha,11,191800.0,0.0,2005.0
2082,Jestha,12,191100.0,0.0,2005.0
2082,Jestha,13,190900.0,0.0,1995.0
2082,Jestha,14,189300.0,0.0,2005.0
2082,Jestha,15,187800.0,0.0,1995.0
2082,Jestha,16,188500.0,0.0,1980.0
2082,Jestha,18,188800.0,0.0,1985.0
2082,Jestha,19,189800.0,0.0,1990.0
2082,Jestha,20,192700.0,0.0,2045.0
2082,Jestha,21,193200.0,0.0,2075.0
2082,Jestha,22,193700.0,0.0,2075.0
2082,Jestha,23,193700.0,0.0,2150.0
2082,Jestha,25,190700.0,0.0,2145.0
2082,Jestha,26,190600.0,0.0,2150.0
2082,Jestha,27,190000.0,0.0,2165.0
2082,Jestha,28,191300.0,0.0,2165.0
2082,Jestha,29,192900.0,0.0,2150.0
2082,Jestha,30,197100.0,0.0,2165.0
2082,Shrawan,1,192300.0,0.0,2265.0
2082,Shrawan,2,192500.0,0.0,2280.0
2082,Shrawan,4,193300.0,0.0,2285.0
2082,Shrawan,5,193700.0,0.0,2285.0
2082,Shrawan,6,195500.0,0.0,2320.0
2082,Shrawan,7,197600.0,0.0,2350.0
2082,Shrawan,8,195200.0,0.0,2335.0
2082,Shrawan,9,194700.0,0.0,2340.0
2082,Shrawan,11,193600.0,0.0,2290.0
2082,Shrawan,12,193600.0,0.0,2295.0
2082,Shrawan,13,193000.0,0.0,2300.0
2082,Shrawan,14,194400.0,0.0,2310.0
2082,Shrawan,15,193600.0,0.0,2270.0
2082,Shrawan,16,193100.0,0.0,2235.0
2082,Shrawan,18,196500.0,0.0,2250.0
2082,Shrawan,19,196600.0,0.0,2255.0
2082,Shrawan,20,198500.0,0.0,2280.0
2082,Shrawan,21,198400.0,0.0,2305.0
2082,Shrawan,22,198400.0,0.0,2315.0
2082,Shrawan,23,199400.0,0.0,2325.0
2082,Shrawan,25,199200.0,0.0,2330.0
2082,Shrawan,26,198100.0,0.0,2315.0
2082,Shrawan,27,196800.0,0.0,2305.0
2082,Shrawan,28,196700.0,0.0,2325.0
2082,Shrawan,29,196800.0,0.0,2340.0
2082,Shrawan,30,196200.0,0.0,2315.0
